Make,Model
Ram,1500
Ram,1500
Jeep,Grand Cherokee 4xe
Chrysler,Pacifica
Jeep,Grand Cherokee 4xe
Ram,1500
Jeep,Grand Cherokee 4xe
Jeep,Grand Cherokee 4xe
Ram,1500
Chrysler,Pacifica
Chrysler,Pacifica
Chrysler,Pacifica
Chrysler,Pacifica
Ram,1500
Jeep,Grand Cherokee 4xe
Jeep,Compass
Jeep,Compass
Jeep,Grand Cherokee 4xe
Jeep,Grand Cherokee 4xe
Jeep,Wrangler 4xe
Jeep,Grand Cherokee 4xe
Ram,1500
Jeep,Wrangler 4xe
Ram,1500
Jeep,Wrangler 4xe
Jeep,Grand Cherokee 4xe
Ram,1500
Ram,1500
Jeep,Compass
Jeep,Compass
Jeep,Compass
Jeep,Grand Cherokee 4xe
Ram,ProMaster Cargo Van
Ram,1500
Ram,1500
Jeep,Compass
Jeep,Grand Cherokee 4xe
Ram,1500
Jeep,Compass
Ram,1500
Jeep,Compass
Ram,1500
Jeep,Compass
Ram,1500
Jeep,Compass
Ram,1500
Jeep,Compass
Jeep,Grand Cherokee 4xe
Jeep,Compass
Jeep,Wrangler 4xe
Jeep,Wrangler 4xe
Jeep,Wrangler 4xe
Ram,1500
Ram,1500
Jeep,Compass
Ram,ProMaster Cargo Van
Ram,ProMaster Cargo Van
Ram,ProMaster Cargo Van
Jeep,Wrangler 4xe
Jeep,Grand Cherokee 4xe
Jeep,Grand Cherokee 4xe
Jeep,Wrangler 4xe
Jeep,Wrangler 4xe
Jeep,Compass
Jeep,Wrangler 4xe
Jeep,Compass
Jeep,Compass
Jeep,Compass
Ram,ProMaster Cargo Van
Ram,1500
Jeep,Compass
Jeep,Compass
Jeep,Compass
Jeep,Compass
Jeep,Compass
Jeep,Compass
Ram,1500
Ram,ProMaster Cargo Van
Jeep,Compass
Jeep,Grand Cherokee 4xe
Jeep,Compass
Jeep,Compass
Ram,ProMaster Cargo Van
Jeep,Compass
Jeep,Compass
Jeep,Compass
Jeep,Compass
Jeep,Compass
Jeep,Grand Cherokee 4xe
Jeep,Compass
Jeep,Compass
Jeep,Compass
Jeep,Compass
Jeep,Compass
Jeep,Compass
Jeep,Compass
Jeep,Compass
Jeep,Grand Cherokee 4xe
Jeep,Compass
Jeep,Compass
Ram,ProMaster Cargo Van
Jeep,Wrangler 4xe
Ram,1500
Ram,1500
Jeep,Wrangler 4xe
Chrysler,Pacifica
Jeep,Wrangler 4xe
Jeep,Wrangler 4xe
Chrysler,Pacifica
Jeep,Compass
Jeep,Compass
Jeep,Compass
Jeep,Compass
Jeep,Grand Cherokee 4xe
Jeep,Compass
Jeep,Compass
Jeep,Wrangler 4xe
Jeep,Wrangler 4xe
Ram,1500
Chrysler,Pacifica
Jeep,Compass
Jeep,Compass
Jeep,Compass
Jeep,Compass
