year,make,model,stock_number,is_new,vin,exterior_color,interior_color,engine_cylinders,doors,transmission,invoice_amount,selling_price,trim,epa_city,epa_highway,fuel_type,drive_train,transmission_description,msrp,miles,vehicle_description,certified,epa_unit,shorten_vdp_url
2012,Acura,TL,CA001946,FALSE,19UUA8F20CA001946,Celestial Silver,NULL,NULL,NULL,6-Speed Shiftable Automatic,NULL,NULL,Base,NULL,NULL,Gasoline,FWD,3.5L V6 280hp 254ft. lbs.,NULL,NULL,NULL,NULL,NULL,NULL
2015,Chrysler,200,FN514991,FALSE,1C3CCCBG3FN514991,Octane Red Pearl,NULL,NULL,NULL,9-Speed Shiftable Automatic,NULL,NULL,S,NULL,NULL,Gasoline,FWD,3.6L V6 295hp 262ft. lbs.,NULL,NULL,NULL,NULL,NULL,NULL
2020,Ram,Ram Pickup 1500,LN414675,TRUE,1C6SRFJT7LN414675,Patriot Blue,NULL,NULL,NULL,8-Speed Shiftable Automatic,NULL,NULL,Laramie,NULL,NULL,Gasoline,4X4,HEMI 5.7L V8 395hp 410ft. lbs.,NULL,NULL,NULL,NULL,NULL,NULL
2014,Toyota,Corolla,EC001962,FALSE,2T1BURHE8EC001962,Octane Red Pearl,NULL,NULL,NULL,CVT,NULL,NULL,LE Plus,NULL,NULL,Gasoline,FWD,1.8L I4 132hp 128ft. lbs.,NULL,NULL,NULL,NULL,NULL,NULL
2020,Ram,Ram Pickup 2500,LG257579,TRUE,3C6UR5DL4LG257579,Lunar Silver,NULL,NULL,NULL,6-Speed Shiftable Automatic,NULL,NULL,Lone Star,NULL,NULL,NULL,4X4,Cummins 6.7L Diesel Turbo I6 370hp 850ft. lbs.,NULL,NULL,NULL,NULL,NULL,NULL
2020,Honda,CR-V,LL030512,TRUE,5J6RW2H51LL030512,Modern Steel,NULL,NULL,NULL,CVT,NULL,NULL,EX,NULL,NULL,Gasoline,AWD,1.5L Turbo I4 190hp 179ft. lbs.,NULL,NULL,NULL,NULL,NULL,NULL
2017,Ford,F-150,HKE20909,FALSE,1FTEW1CP0HKE20909,Celestial Silver,NULL,NULL,NULL,6-Speed Shiftable Automatic,NULL,NULL,Lariat,NULL,NULL,Gasoline,4X2,EcoBoost 2.7L Twin Turbo V6 325hp 375ft. lbs.,NULL,NULL,NULL,NULL,NULL,NULL
2017,Ford,Expedition,HEA28968,FALSE,1FMJU1JT8HEA28968,Vice White,NULL,NULL,NULL,6-Speed Shiftable Automatic,NULL,NULL,King Ranch,NULL,NULL,Gasoline,4X4,EcoBoost 3.5L Twin Turbo V6 365hp 420ft. lbs.,NULL,NULL,NULL,NULL,NULL,NULL
2020,Honda,Civic,LH552781,TRUE,2HGFC2F63LH552781,Lunar Silver,NULL,NULL,NULL,CVT,NULL,NULL,LX,NULL,NULL,Gasoline,FWD,2.0L I4 158hp 138ft. lbs.,NULL,NULL,NULL,NULL,NULL,NULL
2012,Honda,Fit,CC006697,FALSE,JHMGE8H37CC006697,Blue Crush Metallic,NULL,NULL,NULL,5-Speed Automatic,NULL,NULL,Base,NULL,NULL,Gasoline,FWD,1.5L I4 117hp 106ft. lbs.,NULL,NULL,NULL,NULL,NULL,NULL
2018,Mercedes-Benz,GLA,JJ489169,FALSE,WDCTG4GB9JJ489169,Blizzard Pearl,NULL,NULL,NULL,7-Speed Double Clutch,NULL,NULL,GLA 250 4MATIC,NULL,NULL,Gasoline,AWD,2.0L Turbo I4 208hp 258ft. lbs.,NULL,NULL,NULL,NULL,NULL,NULL
2020,Honda,Odyssey,LB050448,TRUE,5FNRL6H93LB050448,Modern Steel,NULL,NULL,NULL,10-Speed Shiftable Automatic,NULL,NULL,Elite,NULL,NULL,Gasoline,FWD,3.5L V6 280hp 262ft. lbs.,NULL,NULL,NULL,NULL,NULL,NULL
2019,Kia,Soul,K7644249,FALSE,KNDJP3A54K7644249,Light Steel Gray,NULL,NULL,NULL,6-Speed Shiftable Automatic,NULL,NULL,+,NULL,NULL,Gasoline,FWD,2.0L I4 161hp 150ft. lbs.,NULL,NULL,NULL,NULL,NULL,NULL
2016,Honda,CR-V,GL008346,FALSE,5J6RM3H94GL008346,Octane Red Pearl,NULL,NULL,NULL,CVT,NULL,NULL,Touring,NULL,NULL,Gasoline,FWD,2.4L I4 185hp 181ft. lbs.,NULL,NULL,NULL,NULL,NULL,NULL
2013,Ford,C-MAX Hybrid,DL503442,FALSE,1FADP5AU6DL503442,Granite Pearlcoat,NULL,NULL,NULL,CVT,NULL,NULL,SE,NULL,NULL,Gasoline,FWD,2.0L Hybrid I4 141hp 129ft. lbs.,NULL,NULL,NULL,NULL,NULL,NULL
2020,Nissan,Altima,LC184861,TRUE,1N4BL4CV5LC184861,Gun Metallic,NULL,NULL,NULL,Xtronic CVT,NULL,NULL,2.5 SR,NULL,NULL,Gasoline,FWD,2.5L I4 188hp 180ft. lbs.,NULL,NULL,NULL,NULL,NULL,NULL
2021,Volvo,S60,MG092058,TRUE,7JRA22TM6MG092058,NULL,NULL,NULL,NULL,8-Speed Shiftable Automatic,NULL,NULL,T6 R-Design,NULL,NULL,Gasoline,AWD,2.0L Twincharged I4 316hp 295ft. lbs.,NULL,NULL,NULL,NULL,NULL,NULL
2020,Nissan,Altima,LC155500,TRUE,1N4AL4CVXLC155500,Pearl White Tricoat,NULL,NULL,NULL,Xtronic CVT,NULL,NULL,2.0 SR,NULL,NULL,Gasoline,FWD,2.0L Turbo I4 248hp 273ft. lbs.,NULL,NULL,NULL,NULL,NULL,NULL
2011,Chevrolet,Silverado 1500,BZ415436,FALSE,1GCRCPEA7BZ415436,Vice White,NULL,NULL,NULL,4-Speed Automatic,NULL,NULL,Work Truck,NULL,NULL,NULL,4X2,Vortec 4.8L Flex Fuel V8 302hp 305ft. lbs.,NULL,NULL,NULL,NULL,NULL,NULL
2015,Dodge,Grand Caravan,FR557114,FALSE,2C4RDGCG9FR557114,Granite Pearlcoat,NULL,NULL,NULL,6-Speed Shiftable Automatic,NULL,NULL,SXT Plus,NULL,NULL,NULL,FWD,Pentastar 3.6L Flex Fuel V6 283hp 260ft. lbs.,NULL,NULL,NULL,NULL,NULL,NULL
2018,Ford,Explorer,18F611,FALSE,1FM5K8GT9JGB80131,Ingot Silver Metallic,Black,NULL,NULL,6-Speed Shiftable Automatic (null),46995,45000,Sport,NULL,NULL,Unleaded,AWD,EcoBoost 3.5L Twin Turbo V6 365hp 350ft. lbs.,53110,NULL,NULL,NULL,NULL,NULL
2019,Nissan,Altima,KC120064,FALSE,1N4BL4DV4KC120064,NULL,NULL,NULL,NULL,Xtronic CVT,24995,NULL,2.5 SV,NULL,NULL,NULL,FWD,2.5L I4 188hp 180ft. lbs.,26995,NULL,NULL,NULL,NULL,NULL
2019,Nissan,Maxima,KC365919,FALSE,1N4AA6AV8KC365919,NULL,NULL,NULL,NULL,7-Speed Shiftable CVT,40495,NULL,Platinum,NULL,NULL,NULL,FWD,3.5L V6 300hp 261ft. lbs.,44435,NULL,NULL,NULL,NULL,NULL
2019,Ford,F-150,KKC15285,FALSE,1FTEW1E50KKC15285,NULL,NULL,NULL,NULL,10-Speed Shiftable Automatic,44995,NULL,XLT,NULL,NULL,NULL,4X4,5.0L Flex Fuel V8 395hp 400ft. lbs.,52760,NULL,NULL,NULL,NULL,NULL
2019,Nissan,Titan,KN509619,FALSE,1N6AA1E54KN509619,NULL,NULL,NULL,NULL,7-Speed Shiftable Automatic,46950,NULL,SL,NULL,NULL,NULL,4X4,5.6L V8 390hp 394ft. lbs.,51700,NULL,NULL,NULL,NULL,NULL
2017,Toyota,Camry,HU365554,FALSE,4T1BF1FK5HU365554,Celestial Silver,NULL,NULL,NULL,6-Speed Shiftable Automatic,NULL,NULL,XSE,NULL,NULL,Gasoline,FWD,2.5L I4 178hp 170ft. lbs.,NULL,NULL,NULL,NULL,NULL,NULL
2018,Dodge,Grand Caravan,JR331810,FALSE,2C4RDGEG9JR331810,Granite Pearlcoat,NULL,NULL,NULL,6-Speed Shiftable Automatic,NULL,NULL,GT,NULL,NULL,Gasoline,FWD,Pentastar 3.6L Flex Fuel V6 283hp 260ft. lbs.,NULL,NULL,NULL,NULL,NULL,NULL
2020,Nissan,Sentra,LY275441,TRUE,3N1AB8CV8LY275441,Brilliant Silver,NULL,NULL,NULL,Xtronic CVT,NULL,NULL,SV,NULL,NULL,Gasoline,FWD,2.0L I4 149hp 146ft. lbs.,NULL,NULL,NULL,NULL,NULL,NULL
2020,Ram,Ram Pickup 1500 Classic,LS141619,TRUE,1C6RR7KT6LS141619,Iced Mocha,NULL,NULL,NULL,8-Speed Shiftable Automatic,NULL,NULL,Express,NULL,NULL,Gasoline,4X4,HEMI 5.7L V8 395hp 410ft. lbs.,NULL,NULL,NULL,NULL,NULL,NULL
2017,Toyota,Tundra,HX620455,FALSE,5TFAY5F19HX620455,Blue Crush Metallic,NULL,NULL,NULL,6-Speed Shiftable Automatic,NULL,NULL,Platinum,NULL,NULL,Gasoline,4X4,5.7L V8 381hp 401ft. lbs.,NULL,NULL,NULL,NULL,NULL,NULL
2018,Toyota,C-HR,JR028598,FALSE,NMTKHMBX3JR028598,Celestial Silver,NULL,NULL,NULL,7-Speed Shiftable CVT,NULL,NULL,XLE Premium,NULL,NULL,Gasoline,FWD,2.0L I4 144hp 139ft. lbs.,NULL,NULL,NULL,NULL,NULL,NULL
2020,Nissan,Altima,LC270935,TRUE,1N4BL4CV0LC270935,Gun Metallic,NULL,NULL,NULL,Xtronic CVT,NULL,NULL,2.5 SR,NULL,NULL,Gasoline,FWD,2.5L I4 188hp 180ft. lbs.,NULL,NULL,NULL,NULL,NULL,NULL
2020,Nissan,Altima,LC270917,TRUE,1N4BL4CV9LC270917,Pearl White Tricoat,NULL,NULL,NULL,Xtronic CVT,NULL,NULL,2.5 SR,NULL,NULL,Gasoline,FWD,2.5L I4 188hp 180ft. lbs.,NULL,NULL,NULL,NULL,NULL,NULL
2020,Nissan,Altima,LC269487,TRUE,1N4BL4CV5LC269487,Granite Crystal,NULL,NULL,NULL,Xtronic CVT,NULL,NULL,2.5 SR,NULL,NULL,Gasoline,FWD,2.5L I4 188hp 180ft. lbs.,NULL,NULL,NULL,NULL,NULL,NULL
2020,Nissan,Rogue,LC818927,TRUE,5N1AT2MTXLC818927,Infinite Black,NULL,NULL,NULL,7-Speed Shiftable CVT,NULL,NULL,SL,NULL,NULL,Gasoline,FWD,2.5L I4 170hp 175ft. lbs.,NULL,NULL,NULL,NULL,NULL,NULL
2020,Nissan,Rogue Sport,LW366984,TRUE,JN1BJ1CWXLW366984,Iced Mocha,NULL,NULL,NULL,7-Speed Shiftable CVT,NULL,NULL,SV,NULL,NULL,Gasoline,AWD,2.0L I4 141hp 147ft. lbs.,NULL,NULL,NULL,NULL,NULL,NULL
2020,Nissan,Altima,LC265331,TRUE,1N4BL4BV7LC265331,Pearl White Tricoat,NULL,NULL,NULL,Xtronic CVT,NULL,NULL,2.5 S,NULL,NULL,Gasoline,FWD,2.5L I4 188hp 180ft. lbs.,NULL,NULL,NULL,NULL,NULL,NULL
2018,Honda,Ridgeline,JB011710,FALSE,5FPYK3F8XJB011710,Blizzard Pearl,NULL,NULL,NULL,6-Speed Shiftable Automatic,NULL,NULL,Black Edition,NULL,NULL,Gasoline,AWD,3.5L V6 280hp 262ft. lbs.,NULL,NULL,NULL,NULL,NULL,NULL
2019,Dodge,Durango,KC812376,FALSE,1C4RDJDG2KC812376,Vice White,NULL,NULL,NULL,8-Speed Shiftable Automatic,NULL,NULL,GT,NULL,NULL,Gasoline,AWD,3.6L V6 295hp 260ft. lbs.,NULL,NULL,NULL,NULL,NULL,NULL
2019,Lincoln,MKZ Hybrid,KR602297,TRUE,3LN6L5MU8KR602297,Burgundy Velvet MET,NULL,NULL,NULL,CVT,NULL,NULL,Reserve II,NULL,NULL,Gasoline,FWD,2.0L Hybrid I4 188hp,NULL,NULL,NULL,NULL,NULL,NULL
2016,Kia,Sorento,GG063791,FALSE,5XYPH4A14GG063791,Celestial Silver,NULL,NULL,NULL,6-Speed Shiftable Automatic,NULL,NULL,EX,NULL,NULL,Gasoline,FWD,2.0L Turbo I4 240hp 260ft. lbs.,NULL,NULL,NULL,NULL,NULL,NULL
2012,Ford,F-150,CKE08122,FALSE,1FTFW1ET0CKE08122,Celestial Silver,NULL,NULL,NULL,6-Speed Shiftable Automatic,NULL,NULL,FX4,NULL,NULL,Gasoline,4X4,EcoBoost 3.5L Twin Turbo V6 365hp 420ft. lbs.,NULL,NULL,NULL,NULL,NULL,NULL
2017,Ford,F-250 Super Duty,HEC09644,FALSE,1FT7W2BT4HEC09644,Blue Crush Metallic,NULL,NULL,NULL,6-Speed Shiftable Automatic,NULL,NULL,Lariat,NULL,NULL,NULL,4X4,Power Stroke 6.7L Biodiesel Turbo V8 440hp 925ft. lbs.,NULL,NULL,NULL,NULL,NULL,NULL
2019,Lincoln,MKZ Hybrid,KR617488,TRUE,3LN6L5MU2KR617488,Burgundy Velvet MET,NULL,NULL,NULL,CVT,NULL,NULL,Reserve II,NULL,NULL,Gasoline,FWD,2.0L Hybrid I4 188hp,NULL,NULL,NULL,NULL,NULL,NULL
2013,Honda,Accord,DA212679,FALSE,1HGCR2F5XDA212679,Octane Red Pearl,NULL,NULL,NULL,CVT,NULL,NULL,Sport,NULL,NULL,Gasoline,FWD,2.4L I4 189hp 182ft. lbs.,NULL,NULL,NULL,NULL,NULL,NULL
2018,Nissan,Altima,JC152922,FALSE,1N4AL3AP5JC152922,Light Steel Gray,NULL,NULL,NULL,CVT,NULL,NULL,2.5 SR,NULL,NULL,Gasoline,FWD,2.5L I4 179hp 177ft. lbs.,NULL,NULL,NULL,NULL,NULL,NULL
2016,Ford,F-150,GKD44997,FALSE,1FTEW1CG6GKD44997,Octane Red Pearl,NULL,NULL,NULL,6-Speed Shiftable Automatic,NULL,NULL,XLT,NULL,NULL,Gasoline,4X2,EcoBoost 3.5L Twin Turbo V6 365hp 420ft. lbs.,NULL,NULL,NULL,NULL,NULL,NULL
2018,Nissan,Frontier,JN736007,FALSE,1N6BD0CT4JN736007,Blue Crush Metallic,NULL,NULL,NULL,5-Speed Automatic,NULL,NULL,SV,NULL,NULL,Gasoline,4X2,2.5L I4 152hp 171ft. lbs.,NULL,NULL,NULL,NULL,NULL,NULL
2015,Hyundai,Sonata,FH142657,FALSE,5NPE24AF7FH142657,Red,Black,NULL,NULL,6-Speed Shiftable Automatic,NULL,NULL,SE,NULL,NULL,Gasoline,FWD,2.4L I4 185hp 178ft. lbs.,NULL,NULL,NULL,NULL,NULL,NULL
2019,Honda,Civic,JU423494,FALSE,SHHFK7H93JU423494,NULL,NULL,NULL,NULL,7-Speed Shiftable CVT,25995,NULL,Sport Touring,NULL,NULL,NULL,FWD,1.5L Turbo I4 180hp 162ft. lbs.,29645,NULL,NULL,NULL,NULL,NULL
2019,Ford,Fusion Energi,KR149310,FALSE,3FA6P0SU3KR149310,Celestial Silver,NULL,NULL,NULL,CVT,29998,NULL,Titanium,NULL,NULL,NULL,FWD,2.0L Plug-in Hybrid I4 188hp,35499,NULL,NULL,NULL,NULL,NULL
2019,Toyota,Sienna,KS997665,FALSE,5TDYZ3DC6KS997665,BLACK,GRAY,NULL,NULL,8-Speed Shiftable Automatic,61394,NULL,XLE,NULL,NULL,Unleaded,FWD,3.5L V6 296hp 263ft. lbs.,61394,NULL,NULL,NULL,NULL,NULL
2020,Nissan,Pathfinder,LC618486,TRUE,5N1DR2AN1LC618486,Granite Crystal,NULL,NULL,NULL,CVT,NULL,NULL,S,NULL,NULL,Gasoline,FWD,3.5L V6 284hp 259ft. lbs.,NULL,NULL,NULL,NULL,NULL,NULL
2004,Ford,Explorer,4UA81223,FALSE,1FMZU64KX4UA81223,Granite Pearlcoat,NULL,NULL,NULL,5-Speed Automatic,NULL,NULL,Eddie Bauer,NULL,NULL,Gasoline,RWD,4.0L NA V6 single overhead cam (SOHC) 12V,NULL,NULL,NULL,NULL,NULL,NULL
2004,Jaguar,X-Type,4WE12887,FALSE,SAJEA51C24WE12887,Octane Red Pearl,NULL,NULL,NULL,5-Speed Automatic,NULL,NULL,3,NULL,NULL,Gasoline,AWD,3.0L NA V6 double overhead cam (DOHC) 24V,NULL,NULL,NULL,NULL,NULL,NULL
2011,Mazda,CX-7,B0362521,FALSE,JM3ER2A50B0362521,Blue Crush Metallic,NULL,NULL,NULL,5-Speed Automatic,NULL,NULL,i SV,NULL,NULL,Gasoline,FWD,2.5L I4 161hp 161ft. lbs.,NULL,NULL,NULL,NULL,NULL,NULL
2020,Dodge,Charger,LH180481,TRUE,2C3CDXBG6LH180481,Gun Metallic,NULL,NULL,NULL,8-Speed Shiftable Automatic,NULL,NULL,SXT,NULL,NULL,Gasoline,RWD,Pentastar 3.6L V6 292hp 260ft. lbs.,NULL,NULL,NULL,NULL,NULL,NULL
2020,Nissan,LEAF,LC302231,TRUE,1N4BZ1CP7LC302231,Pearl White Tricoat,NULL,NULL,NULL,1-Speed Direct-Drive Automatic,NULL,NULL,SV PLUS,NULL,NULL,Electricity,FWD,Electric 214hp 250ft. lbs.,NULL,NULL,NULL,NULL,NULL,NULL
2020,Dodge,Charger,LH189242,TRUE,2C3CDXBG0LH189242,NULL,NULL,NULL,NULL,8-Speed Shiftable Automatic,NULL,NULL,SXT,NULL,NULL,Gasoline,RWD,Pentastar 3.6L V6 292hp 260ft. lbs.,NULL,NULL,NULL,NULL,NULL,NULL
2020,Dodge,Charger,LH229859,TRUE,2C3CDXJGXLH229859,Indigo Blue,NULL,NULL,NULL,8-Speed Shiftable Automatic,NULL,NULL,SXT,NULL,NULL,Gasoline,AWD,Pentastar 3.6L V6 300hp 264ft. lbs.,NULL,NULL,NULL,NULL,NULL,NULL
2020,Ram,Ram Pickup 2500,LG228197,TRUE,3C6UR5FL3LG228197,Maximum Steel,NULL,NULL,NULL,6-Speed Shiftable Automatic,NULL,NULL,Laramie,NULL,NULL,NULL,4X4,Cummins 6.7L Diesel Turbo I6 370hp 850ft. lbs.,NULL,NULL,NULL,NULL,NULL,NULL
2018,Ram,Ram Pickup 1500,JS353614,FALSE,1C6RR7VM2JS353614,Light Steel Gray,NULL,NULL,NULL,8-Speed Shiftable Automatic,NULL,NULL,Laramie,NULL,NULL,Diesel,4X4,3.0L Biodiesel Turbo V6 240hp 420ft. lbs.,NULL,NULL,NULL,NULL,NULL,NULL
2020,Nissan,Sentra,LY274079,TRUE,3N1AB8CV1LY274079,Aspen White,NULL,NULL,NULL,Xtronic CVT,NULL,NULL,SV,NULL,NULL,Gasoline,FWD,2.0L I4 149hp 146ft. lbs.,NULL,NULL,NULL,NULL,NULL,NULL
2017,Toyota,Tundra,HX111102,FALSE,5TFEM5F1XHX111102,Light Steel Gray,NULL,NULL,NULL,6-Speed Shiftable Automatic,NULL,NULL,SR5,NULL,NULL,Gasoline,4X2,4.6L V8 310hp 327ft. lbs.,NULL,NULL,NULL,NULL,NULL,NULL
2020,Ram,Ram Pickup 2500,LG238724,TRUE,3C6UR5FL6LG238724,Gun Metallic,NULL,NULL,NULL,6-Speed Shiftable Automatic,NULL,NULL,Laramie,NULL,NULL,NULL,4X4,Cummins 6.7L Diesel Turbo I6 370hp 850ft. lbs.,NULL,NULL,NULL,NULL,NULL,NULL
2020,Ram,Ram Pickup 1500,LN414533,TRUE,1C6SRFHT1LN414533,Pearl White Tricoat,NULL,NULL,NULL,8-Speed Shiftable Automatic,NULL,NULL,Limited,NULL,NULL,Gasoline,4X4,HEMI 5.7L V8 395hp 410ft. lbs.,NULL,NULL,NULL,NULL,NULL,NULL
2020,Ram,Ram Pickup 1500,LN414670,TRUE,1C6SRFJT8LN414670,Pearl White Tricoat,NULL,NULL,NULL,8-Speed Shiftable Automatic,NULL,NULL,Laramie,NULL,NULL,Gasoline,4X4,HEMI 5.7L V8 395hp 410ft. lbs.,NULL,NULL,NULL,NULL,NULL,NULL
2019,Subaru,Forester,KH448948,FALSE,JF2SKAPC2KH448948,Celestial Silver,NULL,NULL,NULL,7-Speed Shiftable CVT,NULL,NULL,Sport,NULL,NULL,Gasoline,AWD,2.5L H4 182hp 176ft. lbs.,NULL,NULL,NULL,NULL,NULL,NULL
2020,Ram,Ram Pickup 1500,LN414676,TRUE,1C6SRFJT9LN414676,Bright White,NULL,NULL,NULL,8-Speed Shiftable Automatic,NULL,NULL,Laramie,NULL,NULL,Gasoline,4X4,HEMI 5.7L V8 395hp 410ft. lbs.,NULL,NULL,NULL,NULL,NULL,NULL
2020,Nissan,Sentra,LY279032,TRUE,3N1AB8CV0LY279032,Aspen White,NULL,NULL,NULL,Xtronic CVT,NULL,NULL,SV,NULL,NULL,Gasoline,FWD,2.0L I4 149hp 146ft. lbs.,NULL,NULL,NULL,NULL,NULL,NULL
2020,Ram,Ram Pickup 1500,LN414542,TRUE,1C6SRFHM1LN414542,Bright White,NULL,NULL,NULL,8-Speed Shiftable Automatic,NULL,NULL,Limited,NULL,NULL,Diesel,4X4,EcoDiesel 3.0L Biodiesel Turbo V6 260hp 480ft. lbs.,NULL,NULL,NULL,NULL,NULL,NULL
2014,Chevrolet,Spark,EC472273,FALSE,KL8CB6S98EC472273,Celestial Silver,NULL,NULL,NULL,CVT,NULL,NULL,LS CVT,NULL,NULL,Gasoline,FWD,Ecotec 1.2L I4 84hp 83ft. lbs.,NULL,NULL,NULL,NULL,NULL,NULL
2019,Chevrolet,Silverado 2500HD,KF269234,FALSE,1GC1KTEYXKF269234,Granite Pearlcoat,NULL,NULL,NULL,Allison 1000 6-Speed Shiftable Automatic,NULL,NULL,LTZ,NULL,NULL,NULL,4X4,Duramax 6.6L Biodiesel Turbo V8 445hp 910ft. lbs.,NULL,NULL,NULL,NULL,NULL,NULL
2017,Ford,Fusion,HR110818,FALSE,3FA6P0H76HR110818,Vice White,NULL,NULL,NULL,6-Speed Automatic,NULL,NULL,SE,NULL,NULL,Gasoline,FWD,2.5L I4 175hp 175ft. lbs.,NULL,NULL,NULL,NULL,NULL,NULL
2015,Kia,Soul,F7153233,FALSE,KNDJP3A52F7153233,Blue Crush Metallic,NULL,NULL,NULL,6-Speed Shiftable Automatic,NULL,NULL,+,NULL,NULL,Gasoline,FWD,2.0L I4 164hp 151ft. lbs.,NULL,NULL,NULL,NULL,NULL,NULL
2018,Honda,CR-V,JE057456,FALSE,7FARW2H83JE057456,Octane Red Pearl,NULL,NULL,NULL,CVT,NULL,NULL,EX-L w/Navi,NULL,NULL,Gasoline,AWD,1.5L Turbo I4 190hp 179ft. lbs.,NULL,NULL,NULL,NULL,NULL,NULL
2014,GMC,Sierra 1500,EG148600,FALSE,3GTU2UEC4EG148600,Blue Crush Metallic,NULL,NULL,NULL,6-Speed Shiftable Automatic w/Overdrive,NULL,NULL,SLE,NULL,NULL,Gasoline,4X4,EcoTec3 5.3L Flex Fuel V8 355hp 383ft. lbs.,NULL,NULL,NULL,NULL,NULL,NULL
2015,GMC,Sierra 1500,FG389011,FALSE,3GTU2UEC4FG389011,Octane Red Pearl,NULL,NULL,NULL,6-Speed Shiftable Automatic w/Overdrive,NULL,NULL,SLE,NULL,NULL,Gasoline,4X4,EcoTec3 5.3L V8 355hp 383ft. lbs.,NULL,NULL,NULL,NULL,NULL,NULL
2012,Dodge,Challenger,CH148020,FALSE,2C3CDYBT4CH148020,Vice White,NULL,NULL,NULL,6-Speed Manual,NULL,NULL,R/T Classic,NULL,NULL,Gasoline,RWD,HEMI 5.7L V8 372hp 401ft. lbs.,NULL,NULL,NULL,NULL,NULL,NULL
2019,Lincoln,MKZ,KR604572,TRUE,3LN6L5EC6KR604572,Iced Mocha,NULL,NULL,NULL,6-Speed Shiftable Automatic,NULL,NULL,Reserve II,NULL,NULL,Gasoline,FWD,3.0L Twin Turbo V6 350hp 400ft. lbs.,NULL,NULL,NULL,NULL,NULL,NULL
2017,Cadillac,ATS,H0176513,FALSE,1G6AA5RX0H0176513,Blizzard Pearl,NULL,NULL,NULL,6-Speed Manual,NULL,NULL,2.0T,NULL,NULL,Gasoline,RWD,2.0L Turbo I4 272hp 295ft. lbs.,NULL,NULL,NULL,NULL,NULL,NULL
2017,Honda,Civic,HE207602,FALSE,19XFC1F34HE207602,Celestial Silver,NULL,NULL,NULL,CVT,NULL,NULL,EX-T,NULL,NULL,Gasoline,FWD,1.5L Turbo I4 174hp 162ft. lbs.,NULL,NULL,NULL,NULL,NULL,NULL
2020,Ford,F-150,LKF04280,TRUE,1FTEX1CP7LKF04280,Race Red,NULL,NULL,NULL,10-Speed Shiftable Automatic,NULL,NULL,XL,NULL,NULL,Gasoline,4X2,EcoBoost 2.7L Twin Turbo V6 325hp 400ft. lbs.,NULL,NULL,NULL,NULL,NULL,NULL
2020,Ford,Escape,LUB42471,TRUE,1FMCU9J97LUB42471,Magnetic Metallic,NULL,NULL,NULL,8-Speed Shiftable Automatic,NULL,NULL,Titanium,NULL,NULL,Gasoline,AWD,EcoBoost 2.0L Turbo I4 250hp 275ft. lbs.,NULL,NULL,NULL,NULL,NULL,NULL
2020,Ford,F-150,LKE64855,TRUE,1FTEW1CP2LKE64855,Oxford White,NULL,NULL,NULL,10-Speed Shiftable Automatic,NULL,NULL,XLT,NULL,NULL,Gasoline,4X2,EcoBoost 2.7L Twin Turbo V6 325hp 400ft. lbs.,NULL,NULL,NULL,NULL,NULL,NULL
2020,Ford,Escape,LUB06574,TRUE,1FMCU9J92LUB06574,Star White,NULL,NULL,NULL,8-Speed Shiftable Automatic,NULL,NULL,Titanium,NULL,NULL,Gasoline,AWD,EcoBoost 2.0L Turbo I4 250hp 275ft. lbs.,NULL,NULL,NULL,NULL,NULL,NULL
2020,Ford,F-250 Super Duty,LED85257A,TRUE,1FT7W2BT9LED85257,Race Red,NULL,NULL,NULL,10-Speed Shiftable Automatic,NULL,NULL,XL,NULL,NULL,NULL,4X4,Power Stroke 6.7L Biodiesel Turbo V8 475hp 1050ft. lbs.,NULL,NULL,NULL,NULL,NULL,NULL
2020,Ford,Fusion,LR259808,TRUE,3FA6P0G7XLR259808,Oxford White,NULL,NULL,NULL,6-Speed Automatic,NULL,NULL,S,NULL,NULL,Gasoline,FWD,2.5L I4 175hp 175ft. lbs.,NULL,NULL,NULL,NULL,NULL,NULL
2014,Ford,Escape,EUB04812,FALSE,1FMCU0J96EUB04812,Celestial Silver,NULL,NULL,NULL,6-Speed Shiftable Automatic,NULL,NULL,Titanium,NULL,NULL,Gasoline,FWD,EcoBoost 2.0L Turbo I4 240hp 270ft. lbs.,NULL,NULL,NULL,NULL,NULL,NULL
2006,BMW,3 Series,6PS12663,FALSE,WBAVB33526PS12663,Granite Pearlcoat,NULL,NULL,NULL,6-Speed Manual,NULL,NULL,330i,NULL,NULL,Gasoline,RWD,3.0L NA I6 double overhead cam (DOHC) 24V,NULL,NULL,NULL,NULL,NULL,NULL
2010,Lexus,RX 350,AC078762,FALSE,2T2BK1BA7AC078762,Blizzard Pearl,NULL,NULL,NULL,6-Speed Shiftable Automatic,NULL,NULL,Base,NULL,NULL,Gasoline,AWD,3.5L V6 275hp 257ft. lbs.,NULL,NULL,NULL,NULL,NULL,NULL
2020,Ford,Explorer,LGA93068,TRUE,1FMSK8DH1LGA93068,Lunar Silver,NULL,NULL,NULL,10-Speed Shiftable Automatic,NULL,NULL,XLT,NULL,NULL,Gasoline,AWD,EcoBoost 2.3L Turbo I4 300hp 310ft. lbs.,NULL,NULL,NULL,NULL,NULL,NULL
2020,Honda,Odyssey,LB031658,TRUE,5FNRL6H23LB031658,Pearl White Tricoat,NULL,NULL,NULL,10-Speed Shiftable Automatic,NULL,NULL,LX,NULL,NULL,Gasoline,FWD,3.5L V6 280hp 262ft. lbs.,NULL,NULL,NULL,NULL,NULL,NULL
2020,Lincoln,Navigator L,LEL15451,TRUE,5LMJJ3LT5LEL15451,Pearl White Tricoat,NULL,NULL,NULL,10-Speed Shiftable Automatic,NULL,NULL,Reserve,NULL,NULL,NULL,4X4,3.5L Twin Turbo V6 450hp 510ft. lbs.,NULL,NULL,NULL,NULL,NULL,NULL
2020,Ford,Fusion,LR190078,TRUE,3FA6P0G74LR190078,Iced Mocha,NULL,NULL,NULL,6-Speed Automatic,NULL,NULL,S,NULL,NULL,Gasoline,FWD,2.5L I4 175hp 175ft. lbs.,NULL,NULL,NULL,NULL,NULL,NULL
2014,Chevrolet,Camaro,E9282541,FALSE,2G1FB1E31E9282541,Granite Pearlcoat,NULL,NULL,NULL,6-Speed Shiftable Automatic,NULL,NULL,LT,NULL,NULL,Gasoline,RWD,3.6L V6 323hp 278ft. lbs.,NULL,NULL,NULL,NULL,NULL,NULL
2007,Dodge,Ram Pickup 1500,7J614159,FALSE,1D7HU18287J614159,Celestial Silver,NULL,NULL,NULL,5-Speed Automatic,NULL,NULL,SLT,NULL,NULL,Gasoline,4WD,HEMI 5.7L V8 345hp 375ft. lbs.,NULL,NULL,NULL,NULL,NULL,NULL
2018,Toyota,Camry,JU019773,FALSE,4T1BZ1HK5JU019773,Blizzard Pearl,NULL,NULL,NULL,8-Speed Automatic w/Sequential Shift Mode,NULL,NULL,XLE V6,NULL,NULL,Gasoline,FWD,3.5L V6 301hp 267ft. lbs.,NULL,NULL,NULL,NULL,NULL,NULL
2014,Ram,Ram Pickup 1500,ES190311,FALSE,1C6RR6FG0ES190311,Blue Crush Metallic,NULL,NULL,NULL,8-Speed Shiftable Automatic,NULL,NULL,Express,NULL,NULL,Gasoline,4X2,3.6L Flex Fuel V6 305hp 269ft. lbs.,NULL,NULL,NULL,NULL,NULL,NULL
2019,Ram,Ram Pickup 1500,KN789172,FALSE,1C6SRFGT6KN789172,Octane Red Pearl,NULL,NULL,NULL,8-Speed Shiftable Automatic,NULL,NULL,Tradesman,NULL,NULL,Gasoline,4X4,HEMI 5.7L V8 395hp 410ft. lbs.,NULL,NULL,NULL,NULL,NULL,NULL
2020,Nissan,Kicks,LL535975,TRUE,3N1CP5CV1LL535975,Granite Crystal,NULL,NULL,NULL,Xtronic CVT,NULL,NULL,SV,NULL,NULL,Gasoline,FWD,1.6L I4 122hp 114ft. lbs.,NULL,NULL,NULL,NULL,NULL,NULL
2020,Nissan,Rogue Sport,LW646907,TRUE,JN1BJ1CW1LW646907,Pearl White Tricoat,NULL,NULL,NULL,7-Speed Shiftable CVT,NULL,NULL,SV,NULL,NULL,Gasoline,AWD,2.0L I4 141hp 147ft. lbs.,NULL,NULL,NULL,NULL,NULL,NULL
2020,Nissan,Rogue,LC819742,TRUE,5N1AT2MT3LC819742,Infinite Black,NULL,NULL,NULL,7-Speed Shiftable CVT,NULL,NULL,SL,NULL,NULL,Gasoline,FWD,2.5L I4 170hp 175ft. lbs.,NULL,NULL,NULL,NULL,NULL,NULL
2020,Nissan,Versa,LL905279,TRUE,3N1CN8FV9LL905279,Pearl White Tricoat,NULL,NULL,NULL,CVT,NULL,NULL,SR,NULL,NULL,Gasoline,FWD,1.6L I4 122hp 114ft. lbs.,NULL,NULL,NULL,NULL,NULL,NULL
2020,Nissan,Sentra,LY284653,TRUE,3N1AB8CV2LY284653,Infinite Black,NULL,NULL,NULL,Xtronic CVT,NULL,NULL,SV,NULL,NULL,Gasoline,FWD,2.0L I4 149hp 146ft. lbs.,NULL,NULL,NULL,NULL,NULL,NULL
2020,Nissan,Sentra,LY267303,TRUE,3N1AB8CV0LY267303,Brilliant Silver,NULL,NULL,NULL,Xtronic CVT,NULL,NULL,SV,NULL,NULL,Gasoline,FWD,2.0L I4 149hp 146ft. lbs.,NULL,NULL,NULL,NULL,NULL,NULL
2020,Nissan,Altima,LC268991,TRUE,1N4BL4CV0LC268991,Crystal Black,NULL,NULL,NULL,Xtronic CVT,NULL,NULL,2.5 SR,NULL,NULL,Gasoline,FWD,2.5L I4 188hp 180ft. lbs.,NULL,NULL,NULL,NULL,NULL,NULL
2020,Ram,Ram Pickup 1500,LN414672,TRUE,1C6SRFJT1LN414672,Billet Silver,NULL,NULL,NULL,8-Speed Shiftable Automatic,NULL,NULL,Laramie,NULL,NULL,Gasoline,4X4,HEMI 5.7L V8 395hp 410ft. lbs.,NULL,NULL,NULL,NULL,NULL,NULL
2020,Ram,Ram Pickup 2500,LG244507,TRUE,3C6UR5FL6LG244507,Maximum Steel,NULL,NULL,NULL,6-Speed Shiftable Automatic,NULL,NULL,Laramie,NULL,NULL,NULL,4X4,Cummins 6.7L Diesel Turbo I6 370hp 850ft. lbs.,NULL,NULL,NULL,NULL,NULL,NULL
2020,Ford,F-250 Super Duty,LEE62871,TRUE,1FT7W2BT7LEE62871,Oxford White,NULL,NULL,NULL,10-Speed Shiftable Automatic,NULL,NULL,XLT,NULL,NULL,NULL,4X4,Power Stroke 6.7L Biodiesel Turbo V8 475hp 1050ft. lbs.,NULL,NULL,NULL,NULL,NULL,NULL
2020,Nissan,Rogue,LP518029,TRUE,KNMAT2MV3LP518029,Infinite Black,NULL,NULL,NULL,7-Speed Shiftable CVT,NULL,NULL,SL,NULL,NULL,Gasoline,AWD,2.5L I4 170hp 175ft. lbs.,NULL,NULL,NULL,NULL,NULL,NULL
2020,Ford,Mustang,L5171707,TRUE,1FA6P8CF4L5171707,Magma Red,NULL,NULL,NULL,6-Speed Manual,NULL,NULL,GT Premium,NULL,NULL,Gasoline,RWD,5.0L V8 460hp 420ft. lbs.,NULL,NULL,NULL,NULL,NULL,NULL
2020,Ford,Explorer,LGD06617,TRUE,1FMSK8FH5LGD06617,Star White,NULL,NULL,NULL,10-Speed Shiftable Automatic,NULL,NULL,Limited,NULL,NULL,Gasoline,AWD,EcoBoost 2.3L Turbo I4 300hp 310ft. lbs.,NULL,NULL,NULL,NULL,NULL,NULL
2020,Ford,Edge,LBA89357,TRUE,2FMPK3J93LBA89357,Retail Red,NULL,NULL,NULL,8-Speed Shiftable Automatic,NULL,NULL,SEL,NULL,NULL,Gasoline,FWD,EcoBoost 2.0L Turbo I4 250hp 280ft. lbs.,NULL,NULL,NULL,NULL,NULL,NULL
2020,Ford,Ranger,LLA74719,TRUE,1FTER4FH6LLA74719,Rapid Red,NULL,NULL,NULL,10-Speed Shiftable Automatic,NULL,NULL,Lariat,NULL,NULL,Gasoline,4X4,EcoBoost 2.3L Turbo I4 270hp 310ft. lbs.,NULL,NULL,NULL,NULL,NULL,NULL
2020,Ford,Explorer,LGD06731,TRUE,1FMSK8DHXLGD06731,Atlas Blue,NULL,NULL,NULL,10-Speed Shiftable Automatic,NULL,NULL,XLT,NULL,NULL,Gasoline,AWD,EcoBoost 2.3L Turbo I4 300hp 310ft. lbs.,NULL,NULL,NULL,NULL,NULL,NULL
2020,Ford,Expedition,LEA71960,TRUE,1FMJU1GT9LEA71960,Oxford White,NULL,NULL,NULL,10-Speed Shiftable Automatic,NULL,NULL,XL Fleet,NULL,NULL,Gasoline,4X4,EcoBoost 3.5L Twin Turbo V6 375hp 470ft. lbs.,NULL,NULL,NULL,NULL,NULL,NULL
2020,Ford,Edge,LBB00507,FALSE,2FMPK4J91LBB00507,Atlas Blue,NULL,NULL,NULL,8-Speed Shiftable Automatic,NULL,NULL,SEL,NULL,NULL,Gasoline,AWD,EcoBoost 2.0L Turbo I4 250hp 280ft. lbs.,NULL,NULL,NULL,NULL,NULL,NULL
2020,Ford,F-150,LKF18440,TRUE,1FTEW1EP7LKF18440,Magma Red,NULL,NULL,NULL,10-Speed Shiftable Automatic,NULL,NULL,XLT,NULL,NULL,Gasoline,4X4,EcoBoost 2.7L Twin Turbo V6 325hp 400ft. lbs.,NULL,NULL,NULL,NULL,NULL,NULL
2020,Ford,Mustang,L5503381,TRUE,1FA6P8SJXL5503381,Shadow Black,NULL,NULL,NULL,7-Speed Double Clutch,NULL,NULL,Shelby GT500,NULL,NULL,Gasoline,RWD,5.2L Supercharged V8 760hp 625ft. lbs.,NULL,NULL,NULL,NULL,NULL,NULL
2020,Dodge,Challenger,LH242972,TRUE,2C3CDZBT6LH242972,Maximum Steel,NULL,NULL,NULL,6-Speed Manual,NULL,NULL,R/T,NULL,NULL,Gasoline,RWD,HEMI 5.7L V8 375hp 410ft. lbs.,NULL,NULL,NULL,NULL,NULL,NULL
2010,Acura,RL,AC001577,FALSE,JH4KB2F62AC001577,Blue,Black,NULL,NULL,5-Speed Shiftable Automatic,NULL,NULL,SH-AWD w/Tech/CMBS/ACC Package,NULL,NULL,Gasoline,AWD,3.7L V6 300hp 271ft. lbs.,NULL,NULL,NULL,NULL,NULL,NULL
2015,Honda,Civic,FE017757,FALSE,19XFB2F54FE017757,Vice White,NULL,NULL,NULL,NULL,NULL,7000,NULL,NULL,NULL,NULL,NULL,NULL,NULL,NULL,NULL,NULL,NULL,NULL
2020,Dodge,Challenger,LH155973,TRUE,2C3CDZJG5LH155973,NULL,NULL,NULL,NULL,8-Speed Shiftable Automatic,NULL,NULL,GT,NULL,NULL,Gasoline,RWD,Pentastar 3.6L V6 303hp 268ft. lbs.,NULL,NULL,NULL,NULL,NULL,NULL
2020,Honda,Fit,LM712701,TRUE,3HGGK5H45LM712701,Granite Crystal,NULL,NULL,NULL,CVT,NULL,NULL,LX,NULL,NULL,Gasoline,FWD,1.5L I4 128hp 113ft. lbs.,NULL,NULL,NULL,NULL,NULL,NULL
2020,Lincoln,Corsair,LUL30147,TRUE,5LMCJ2D96LUL30147,Pearl White Tricoat,NULL,NULL,NULL,8-Speed Shiftable Automatic,NULL,NULL,Reserve,NULL,NULL,Gasoline,AWD,2.0L Turbo I4 250hp 275ft. lbs.,NULL,NULL,NULL,NULL,NULL,NULL
2020,Ram,Ram Pickup 2500,LG121332,TRUE,3C6UR5DL3LG121332,Lunar Silver,NULL,NULL,NULL,6-Speed Shiftable Automatic,NULL,NULL,Big Horn,NULL,NULL,NULL,4X4,Cummins 6.7L Diesel Turbo I6 370hp 850ft. lbs.,NULL,NULL,NULL,NULL,NULL,NULL
2020,Ram,Ram Pickup 3500,LG109398,TRUE,3C63R3HL3LG109398,Maximum Steel,NULL,NULL,NULL,6-Speed Shiftable Automatic,NULL,NULL,Big Horn,NULL,NULL,NULL,4X4,Cummins 6.7L Diesel Turbo I6 370hp 850ft. lbs.,NULL,NULL,NULL,NULL,NULL,NULL
2020,Lincoln,Continental,L5607270,TRUE,1LN6L9NP7L5607270,Pearl White Tricoat,NULL,NULL,NULL,6-Speed Shiftable Automatic,NULL,NULL,Reserve,NULL,NULL,Gasoline,AWD,2.7L Twin Turbo V6 335hp 380ft. lbs.,NULL,NULL,NULL,NULL,NULL,NULL
2020,Ford,F-250 Super Duty,LED85257,TRUE,1FT7W2BT9LED85257,NULL,NULL,NULL,NULL,10-Speed Shiftable Automatic,NULL,NULL,XL,NULL,NULL,NULL,4X4,Power Stroke 6.7L Biodiesel Turbo V8 475hp 1050ft. lbs.,NULL,NULL,NULL,NULL,NULL,NULL
2020,Honda,Odyssey,LB057096,TRUE,5FNRL6H72LB057096,NULL,NULL,NULL,NULL,10-Speed Shiftable Automatic,NULL,NULL,EX-L w/Navi w/RES,NULL,NULL,Gasoline,FWD,3.5L V6 280hp 262ft. lbs.,NULL,NULL,NULL,NULL,NULL,NULL
2020,Ram,Ram Pickup 1500,LN339974,TRUE,1C6SRFJT3LN339974,Billet Silver,NULL,NULL,NULL,8-Speed Shiftable Automatic,NULL,NULL,Laramie,NULL,NULL,Gasoline,4X4,HEMI 5.7L V8 395hp 410ft. lbs.,NULL,NULL,NULL,NULL,NULL,NULL
2020,Ford,F-150,LKF18443,TRUE,1FTEX1E58LKF18443,Oxford White,NULL,NULL,NULL,10-Speed Shiftable Automatic,NULL,NULL,XLT,NULL,NULL,Gasoline,4X4,5.0L Flex Fuel V8 395hp 400ft. lbs.,NULL,NULL,NULL,NULL,NULL,NULL
2020,Ford,F-150,LFC84162,TRUE,1FTFW1E42LFC84162,Billet Silver,NULL,NULL,NULL,10-Speed Shiftable Automatic,NULL,NULL,XLT,NULL,NULL,Gasoline,4X4,EcoBoost 3.5L Twin Turbo V6 375hp 470ft. lbs.,NULL,NULL,NULL,NULL,NULL,NULL
2020,Ford,F-250 Super Duty,LEE62856,TRUE,1FT7W2BT0LEE62856,Magnetic Gray,NULL,NULL,NULL,10-Speed Shiftable Automatic,NULL,NULL,XL,NULL,NULL,NULL,4X4,Power Stroke 6.7L Biodiesel Turbo V8 475hp 1050ft. lbs.,NULL,NULL,NULL,NULL,NULL,NULL
2020,Ford,Ranger,LLA80494,FALSE,1FTER4FH5LLA80494,Rapid Red,NULL,NULL,NULL,10-Speed Shiftable Automatic,NULL,NULL,Lariat,NULL,NULL,Gasoline,4X4,EcoBoost 2.3L Turbo I4 270hp 310ft. lbs.,NULL,NULL,NULL,NULL,NULL,NULL
2020,Ford,F-150,LKE40351,FALSE,1FTEW1EP1LKE40351,Oxford White,NULL,NULL,NULL,10-Speed Shiftable Automatic,NULL,NULL,XLT,NULL,NULL,Gasoline,4X4,EcoBoost 2.7L Twin Turbo V6 325hp 400ft. lbs.,NULL,NULL,NULL,NULL,NULL,NULL
2021,Honda,Odyssey,MB008690,TRUE,5FNRL6H88MB008690,Deep Scarlet,NULL,NULL,NULL,10-Speed Shiftable Automatic,NULL,NULL,Touring,NULL,NULL,Gasoline,FWD,3.5L V6 280hp 262ft. lbs.,NULL,NULL,NULL,NULL,NULL,NULL
2020,Honda,Passport,LB020312,TRUE,5FNYF8H04LB020312,Crystal Black,NULL,NULL,NULL,9-Speed Shiftable Automatic,NULL,NULL,Elite,NULL,NULL,Gasoline,AWD,3.5L V6 280hp 262ft. lbs.,NULL,NULL,NULL,NULL,NULL,NULL
2020,Honda,CR-V Hybrid,LE016454,TRUE,7FART6H99LE016454,Crystal Black,NULL,NULL,NULL,1-Speed Direct-Drive Automatic,NULL,NULL,Touring,NULL,NULL,NULL,AWD,2.0L Hybrid I4 212hp,NULL,NULL,NULL,NULL,NULL,NULL
2021,Honda,Odyssey,MB010008,TRUE,5FNRL6H94MB010008,Platinum White pearl,NULL,NULL,NULL,10-Speed Shiftable Automatic,NULL,NULL,Elite,NULL,NULL,Gasoline,FWD,3.5L V6 280hp 262ft. lbs.,NULL,NULL,NULL,NULL,NULL,NULL
2020,Honda,HR-V,LM715890,TRUE,3CZRU6H16LM715890,Pearl White Tricoat,NULL,NULL,NULL,7-Speed Shiftable CVT,NULL,NULL,Sport,NULL,NULL,Gasoline,AWD,1.8L I4 141hp 127ft. lbs.,NULL,NULL,NULL,NULL,NULL,NULL
2021,Honda,Clarity Plug-In Hybrid,MC000085,TRUE,JHMZC5F11MC000085,Modern Steel,NULL,NULL,NULL,1-Speed Direct-Drive Automatic,NULL,NULL,Base,NULL,NULL,Gasoline,FWD,1.5L Plug-in Hybrid I4 212hp,NULL,NULL,NULL,NULL,NULL,NULL
2020,Honda,Civic,LE214452,TRUE,19XFC2F61LE214452,Maximum Steel,NULL,NULL,NULL,CVT,NULL,NULL,LX,NULL,NULL,Gasoline,FWD,2.0L I4 158hp 138ft. lbs.,NULL,NULL,NULL,NULL,NULL,NULL
2020,Honda,CR-V,LE017626,TRUE,7FARW1H93LE017626,Gun Metallic,NULL,NULL,NULL,CVT,NULL,NULL,Touring,NULL,NULL,Gasoline,FWD,1.5L Turbo I4 190hp 179ft. lbs.,NULL,NULL,NULL,NULL,NULL,NULL
2021,Honda,Clarity Plug-In Hybrid,MC000371,TRUE,JHMZC5F12MC000371,Deep Scarlet,NULL,NULL,NULL,1-Speed Direct-Drive Automatic,NULL,NULL,Base,NULL,NULL,Gasoline,FWD,1.5L Plug-in Hybrid I4 212hp,NULL,NULL,NULL,NULL,NULL,NULL
2020,Honda,Accord,LA131332,TRUE,1HGCV1F13LA131332,Modern Steel,NULL,NULL,NULL,CVT,NULL,NULL,LX,NULL,NULL,Gasoline,FWD,1.5L Turbo I4 192hp 192ft. lbs.,NULL,NULL,NULL,NULL,NULL,NULL
2020,Honda,Civic,LH578368,TRUE,2HGFC2F64LH578368,Maximum Steel,NULL,NULL,NULL,CVT,NULL,NULL,LX,NULL,NULL,Gasoline,FWD,2.0L I4 158hp 138ft. lbs.,NULL,NULL,NULL,NULL,NULL,NULL
2020,Dodge,Challenger,LH236493,TRUE,2C3CDZBT8LH236493,White Knuckle,NULL,NULL,NULL,6-Speed Manual,NULL,NULL,R/T,NULL,NULL,Gasoline,RWD,HEMI 5.7L V8 375hp 410ft. lbs.,NULL,NULL,NULL,NULL,NULL,NULL
2020,Dodge,Charger,LH229860,TRUE,2C3CDXJG6LH229860,Triple Nickle,NULL,NULL,NULL,8-Speed Shiftable Automatic,NULL,NULL,SXT,NULL,NULL,Gasoline,AWD,Pentastar 3.6L V6 300hp 264ft. lbs.,NULL,NULL,NULL,NULL,NULL,NULL
2020,Dodge,Challenger,LH155973A,TRUE,2C3CDZJG5LH155973,Hellraisin,NULL,NULL,NULL,8-Speed Shiftable Automatic,NULL,NULL,GT 50th Anniversary,NULL,NULL,Gasoline,RWD,Pentastar 3.6L V6 303hp 268ft. lbs.,NULL,NULL,NULL,NULL,NULL,NULL
2020,Dodge,Challenger,LH230970,TRUE,2C3CDZAG2LH230970,Plum Crazy,NULL,NULL,NULL,8-Speed Shiftable Automatic,NULL,NULL,SXT,NULL,NULL,Gasoline,RWD,Pentastar 3.6L V6 303hp 268ft. lbs.,NULL,NULL,NULL,NULL,NULL,NULL
2021,Honda,Insight,ME003196,TRUE,19XZE4F98ME003196,Deep Scarlet,NULL,NULL,NULL,1-Speed Direct-Drive Automatic,NULL,NULL,Touring,NULL,NULL,Gasoline,FWD,1.5L Hybrid I4 151hp 197ft. lbs.,NULL,NULL,NULL,NULL,NULL,NULL
2021,Honda,Insight,ME002928,TRUE,19XZE4F50ME002928,Modern Steel,NULL,NULL,NULL,1-Speed Direct-Drive Automatic,NULL,NULL,EX,NULL,NULL,Gasoline,FWD,1.5L Hybrid I4 151hp 197ft. lbs.,NULL,NULL,NULL,NULL,NULL,NULL
2020,Honda,Civic,LH578334,TRUE,2HGFC2F69LH578334,Gun Metallic,NULL,NULL,NULL,CVT,NULL,NULL,LX,NULL,NULL,Gasoline,FWD,2.0L I4 158hp 138ft. lbs.,NULL,NULL,NULL,NULL,NULL,NULL
2020,Nissan,Altima,LC182307,TRUE,1N4BL4BV0LC182307,Granite Crystal,NULL,NULL,NULL,Xtronic CVT,NULL,NULL,2.5 S,NULL,NULL,Gasoline,FWD,2.5L I4 188hp 180ft. lbs.,NULL,NULL,NULL,NULL,NULL,NULL
2020,Honda,CR-V,LH673908,TRUE,2HKRW2H55LH673908,Granite Crystal,NULL,NULL,NULL,CVT,NULL,NULL,EX,NULL,NULL,Gasoline,AWD,1.5L Turbo I4 190hp 179ft. lbs.,NULL,NULL,NULL,NULL,NULL,NULL
2018,Honda,Accord,JA126540,FALSE,1HGCV1F48JA126540,Celestial Silver,NULL,NULL,NULL,CVT,NULL,NULL,EX,NULL,NULL,Gasoline,FWD,1.5L Turbo I4 192hp 192ft. lbs.,NULL,NULL,NULL,NULL,NULL,NULL
2019,Lincoln,Continental,K5613097,TRUE,1LN6L9SK6K5613097,Infinite Black,NULL,NULL,NULL,6-Speed Shiftable Automatic,NULL,NULL,Select,NULL,NULL,Gasoline,FWD,3.7L V6 305hp 280ft. lbs.,NULL,NULL,NULL,NULL,NULL,NULL
2020,Chevrolet,Malibu,LF086306,FALSE,1G1ZG5STXLF086306,Vice White,NULL,NULL,NULL,CVT,NULL,NULL,RS,NULL,NULL,Gasoline,FWD,Ecotec 1.5L Turbo I4 160hp 184ft. lbs.,NULL,NULL,NULL,NULL,NULL,NULL
2016,Dodge,Challenger,GH131790,FALSE,2C3CDZAG1GH131790,Blue Crush Metallic,NULL,NULL,NULL,8-Speed Shiftable Automatic,NULL,NULL,SXT Plus,NULL,NULL,Gasoline,RWD,Pentastar 3.6L V6 305hp 268ft. lbs.,NULL,NULL,NULL,NULL,NULL,NULL
2019,Dodge,Challenger,KH668610,FALSE,2C3CDZAG5KH668610,Vice White,NULL,NULL,NULL,8-Speed Shiftable Automatic,NULL,NULL,SXT,NULL,NULL,Gasoline,RWD,Pentastar 3.6L V6 305hp 268ft. lbs.,NULL,NULL,NULL,NULL,NULL,NULL
2016,Ford,F-150,GKE86397,FALSE,1FTEX1CP5GKE86397,Blizzard Pearl,NULL,NULL,NULL,6-Speed Shiftable Automatic,NULL,NULL,XLT,NULL,NULL,Gasoline,4X2,EcoBoost 2.7L Twin Turbo V6 325hp 375ft. lbs.,NULL,NULL,NULL,NULL,NULL,NULL
2018,Nissan,Rogue,JW492476,FALSE,JN8AT2MT9JW492476,Celestial Silver,NULL,NULL,NULL,CVT,NULL,NULL,S,NULL,NULL,Gasoline,FWD,2.5L I4 170hp 175ft. lbs.,NULL,NULL,NULL,NULL,NULL,NULL
2017,Nissan,Rogue Hybrid,HC786330,FALSE,5N1ET2MV8HC786330,Blue Crush Metallic,NULL,NULL,NULL,CVT,NULL,NULL,SL,NULL,NULL,Gasoline,AWD,2.0L Hybrid I4 176hp,NULL,NULL,NULL,NULL,NULL,NULL
2013,Nissan,JUKE,DT223875,FALSE,JN8AF5MV5DT223875,Octane Red Pearl,NULL,NULL,NULL,CVT,NULL,NULL,SL,NULL,NULL,Gasoline,AWD,1.6L Turbo I4 188hp 177ft. lbs.,NULL,NULL,NULL,NULL,NULL,NULL
2019,Nissan,Altima,KC136416,FALSE,1N4BL4CVXKC136416,Celestial Silver,NULL,NULL,NULL,Xtronic CVT,NULL,NULL,2.5 SR,NULL,NULL,Gasoline,FWD,2.5L I4 188hp 180ft. lbs.,NULL,NULL,NULL,NULL,NULL,NULL
2018,Honda,CR-V,JH212266,FALSE,2HKRW6H36JH212266,Blizzard Pearl,NULL,NULL,NULL,CVT,NULL,NULL,LX,NULL,NULL,Gasoline,AWD,2.4L I4 184hp 180ft. lbs.,NULL,NULL,NULL,NULL,NULL,NULL
2016,Ram,Ram Pickup 2500,GG153069,FALSE,3C6UR5CLXGG153069,Blizzard Pearl,NULL,NULL,NULL,6-Speed Shiftable Automatic,NULL,NULL,Tradesman,NULL,NULL,NULL,4X4,Cummins 6.7L Diesel Turbo I6 350hp 660ft. lbs.,NULL,NULL,NULL,NULL,NULL,NULL
2018,Ram,Ram Pickup 2500,JG142975,FALSE,3C6UR5FL4JG142975,Octane Red Pearl,NULL,NULL,NULL,6-Speed Shiftable Automatic,NULL,NULL,Laramie,NULL,NULL,NULL,4X4,Cummins 6.7L Diesel Turbo I6 350hp 660ft. lbs.,NULL,NULL,NULL,NULL,NULL,NULL
2020,Honda,CR-V Hybrid,LE005645,TRUE,7FART6H86LE005645,Pearl White Tricoat,NULL,NULL,NULL,1-Speed Direct-Drive Automatic,NULL,NULL,EX-L,NULL,NULL,NULL,AWD,2.0L Hybrid I4 212hp,NULL,NULL,NULL,NULL,NULL,NULL
2017,Dodge,Grand Caravan,HR580744,FALSE,2C4RDGCGXHR580744,Celestial Silver,NULL,NULL,NULL,6-Speed Shiftable Automatic,NULL,NULL,SXT,NULL,NULL,Gasoline,FWD,Pentastar 3.6L Flex Fuel V6 283hp 260ft. lbs.,NULL,NULL,NULL,NULL,NULL,NULL
2017,Chevrolet,Cruze,H7252519,FALSE,1G1BF5SM5H7252519,Blizzard Pearl,NULL,NULL,NULL,6-Speed Shiftable Automatic,NULL,NULL,Premier Auto,NULL,NULL,Gasoline,FWD,1.4L Turbo I4 153hp 177ft. lbs.,NULL,NULL,NULL,NULL,NULL,NULL
2017,Honda,Civic,HE230419,FALSE,19XFC2F76HE230419,Celestial Silver,NULL,NULL,NULL,CVT,NULL,NULL,EX,NULL,NULL,Gasoline,FWD,2.0L I4 158hp 138ft. lbs.,NULL,NULL,NULL,NULL,NULL,NULL
2023,Chevrolet,Silverado 1500,C23466,TRUE,3GCPACEK6PG263459,Black,,4,4,Automatic,50496,52235,"2WD Crew Cab 147"" LT",19,22,Gasoline Fuel,Rear Wheel Drive,,52235,2,,FALSE,MPG,NULL
2023,Chevrolet,Silverado 1500,C23467,TRUE,3GCPACEK7PG255354,Summit White,,4,4,Automatic,49896,51580,"2WD Crew Cab 157"" LT",19,22,Gasoline Fuel,Rear Wheel Drive,,51580,2,,FALSE,MPG,NULL
2023,Chevrolet,Silverado 1500,C23468,TRUE,3GCPDFEK3PG267607,Summit White,,4,4,Automatic,58213,60280,"4WD Crew Cab 147"" LT Trail Boss",18,21,Gasoline Fuel,Four Wheel Drive,,60280,2,,FALSE,MPG,NULL
2023,Chevrolet,Silverado 1500,C23469,TRUE,3GCPDFEK8PG267604,Summit White,,4,4,Automatic,58213,60280,"4WD Crew Cab 147"" LT Trail Boss",18,21,Gasoline Fuel,Four Wheel Drive,,60280,2,,FALSE,MPG,NULL
2023,Chevrolet,Blazer,C23477,TRUE,3GNKBFR40PS196916,Sterling Gray Metallic,Jet Black,4,4,Automatic,47694,48915,FWD 4dr Premier,22,29,Gasoline Fuel,Front Wheel Drive,9-Speed A/T,48915,2,,FALSE,MPG,NULL
2023,Chevrolet,Blazer,C23478,TRUE,3GNKBFR44PS218996,Sterling Gray Metallic,Jet Black,4,4,Automatic,47829,49060,FWD 4dr Premier,22,29,Gasoline Fuel,Front Wheel Drive,9-Speed A/T,49060,2,,FALSE,MPG,NULL
2018,Chevrolet,Malibu,719981,FALSE,1G1ZD5ST4JF145243,Mosaic Black Metallic,Jet Black,4,4,Automatic,17209,18995,4dr Sdn LT w/1LT,27,36,Gasoline Fuel,Front Wheel Drive,Automatic,20995,82757,"Clean CARFAX. Mosaic Black Metallic 2018 Chevrolet Malibu LT FWD 6-Speed Automatic 1.5L DOHC **CARFAX 1 OWNER **, **NAVIGATION / GPS / NAVI **, **CLEAN CARFAX**, Jet Black Cloth.27/36 City/Highway MPGAwards:* 2018 KBB.com 10 Best Sedans Under $25,000 * 2018 KBB.com 10 Most Awarded BrandsIf you have any questions or would like some general information about financing or would like a price quote on a new or used vehicle please call.",FALSE,MPG,NULL
2020,Chevrolet,Bolt EV,719933,FALSE,1G1FZ6S05L4119040,Summit White,Dark Galvanized/Sky Cool Gray,NULL,4,,26236,27525,5dr Wgn Premier,0,0,Electric Fuel System,Front Wheel Drive,Automatic,31995,7767,"CARFAX One-Owner. Summit White 2020 Chevrolet Bolt EV Premier FWD 1-Speed Automatic Electric Drive Unit 2 USB Charging-Only Ports For Rear Passengers, Automatic Emergency Braking, Automatic temperature control, Bose Premium 7-Speaker Audio System, Driver Confidence II Package, Following Distance Indicator, Forward Collision Alert, Front Pedestrian Braking, Infotainment Package, IntelliBeam Automatic On/Off High Beam, Lane Keep Assist w/Lane Departure Warning, Preferred Equipment Group 2LZ, Premium audio system: Chevrolet MyLink, Steering wheel mounted audio controls, Wheels: 17 Ultra-Bright Machined Aluminum, Wireless Charging For Devices.Recent Arrival! 127/108 City/Highway MPGIf you have any questions or would like some general information about financing or would like a price quote on a new or used vehicle please call.",FALSE,,NULL
2020,Chevrolet,Trax,719960C,FALSE,KL7CJKSB0LB354322,Stone Gray Metallic,Jet Black,4,4,Automatic,20016,19817,FWD 4dr LS,26,31,Gasoline Fuel,Front Wheel Drive,Automatic,23995,29517,"CARFAX One-Owner. Clean CARFAX. Stone Gray Metallic 2020 Chevrolet Trax LS FWD 6-Speed Automatic ECOTEC 1.4L I4 SMPI DOHC Turbocharged VVT Factory Certified, 16 Aluminum Wheels, Deep-Tinted Rear Glass Windows & Liftgate, Electronic Automatic Cruise Control, Exterior Parking Camera Rear, Front & Rear All Weather Floor Mats (LPO), Front & Rear Custom Molded Black Splash Guards (LPO), Preferred Equipment Group 1LS, Premium audio system: Chevrolet MyLink, Protection Package, Steering wheel mounted audio controls, Telescoping steering wheel, Tilt steering wheel, Tint & Cruise Package.26/31 City/Highway MPGIf you have any questions or would like some general information about financing or would like a price quote on a new or used vehicle please call.",FALSE,MPG,NULL
2020,Chevrolet,Traverse,719994,FALSE,1GNERGKW1LJ285559,Mosaic Black Metallic,Jet Black,6,4,Automatic,29844,30995,FWD 4dr LT Cloth w/1LT,18,27,Gasoline Fuel,Front Wheel Drive,Automatic,32995,50744,"CARFAX One-Owner. Clean CARFAX. Mosaic Black Metallic 2020 Chevrolet Traverse LT 1LT FWD 9-Speed Automatic 3.6L V6 SIDI VVT **CARFAX 1 OWNER **, **CLEAN CARFAX**, Apple CarPlay/Android Auto, Automatic temperature control, Front dual zone A/C, Preferred Equipment Group 1LT, Steering wheel mounted audio controls, Tilt steering wheel, Trip computer, Wheels: 18 Bright Silver Painted Aluminum.18/27 City/Highway MPGIf you have any questions or would like some general information about financing or would like a price quote on a new or used vehicle please call.",FALSE,MPG,NULL
2021,Chevrolet,Tahoe,719982C,FALSE,1GNSKSKD5MR168692,Satin Steel Metallic,Jet Black,8,4,Automatic,67984,71995,4WD 4dr Premier,16,20,Gasoline Fuel,Four Wheel Drive,Automatic,73995,25667,"CARFAX One-Owner. Satin Steel Metallic 2021 Chevrolet Tahoe Premier 4WD 10-Speed Automatic with Overdrive EcoTec3 5.3L V8 Factory Certified, 15 Diagonal Multi-Color Head-Up Display, 1st & 2nd Row Color-Keyed Carpeted Floor Mats, 2 USB Data Ports, 20 x 9 Polished Aluminum Wheels, 2-Speed Active Electronic AutoTrac Transfer Case, 3rd Row 60/40 Power-Folding Split-Bench Seat, Adaptive Cruise Control, Advanced Trailering Package, Advanced Trailering System, Auto-Dimming Inside Rear-View Mirror, Automatic Heated Steering Wheel, Automatic temperature control, Bright Front & Rear Door Sill Plates, Chrome Door Handles w/Body-Color Strip, Chrome Mirror Caps, Color-Keyed Carpeting Floor Covering, Driver & Front Outboard Passenger Airbags, Dual Exhaust System, Dual-Pane Power Panoramic Sunroof, Enhanced Automatic Emergency Braking, Enhanced Display & Alert Package, Enhanced Driver Information Center, Extra Capacity Cooling System, Floor Console w/Storage Area, Front & Rear Park Assist, Hands-Free Rear Power Programmable Liftgate, HD Radio, HD Surround Vision, Heated 2nd Row Outboard Seats, Hill Descent Control, Hitch Guidance w/Hitch View, Infotainment Display, Inside Rearview Auto-Dimming Rear Camera Mirror, Integrated Trailer Brake Controller, Lane Change Alert w/Side Blind Zone Alert, Lane Keep Assist w/Lane Departure Warning, Leather-Wrapped Steering Wheel, LED Daytime Running Lamps, Max Trailering Package, Memory Settings, Navigation System, Outside Heated Power-Adjustable Mirrors, Power Release 2nd Row Bucket Seats, Power Tilt & Telescopic Steering Column, Preferred Equipment Group 1LZ, Premium Package, Rear Camera Mirror Washer, Rear Cross Traffic Alert, Rear Pedestrian Alert, Remote Start, Safety Alert Seat, SiriusXM NavTraffic, SiriusXM Radio w/360L, Trailer Side Blind Zone Alert, Universal Home Remote.Recent Arrival! Odometer is 5351 miles below market average!Awards:* JD Power Automotive Performance, Execution and Layout (APEAL) Study * ALG Residual ValueIf you have any questions or would like s",FALSE,MPG,NULL
2022,Chevrolet,Camaro,719943C,FALSE,1G1FA1RS4N0129604,Black,Jet Black,4,2,Manual,28447,28945,2dr Cpe 1LT,18,29,Gasoline Fuel,Rear Wheel Drive,Manual,33995,9858,"CARFAX One-Owner. Clean CARFAX. Black 2022 Chevrolet Camaro 1LT RWD 6-Speed Manual 3.6L V6 DI Factory Certified, Apple CarPlay/Android Auto, Automatic temperature control, Exterior Parking Camera Rear, Preferred Equipment Group 1LT, Premium audio system: Chevrolet Infotainment System, Telescoping steering wheel, Tilt steering wheel.Recent Arrival! Odometer is 12169 miles below market average! 16/26 City/Highway MPGIf you have any questions or would like some general information about financing or would like a price quote on a new or used vehicle please call.",FALSE,MPG,NULL
2023,Chevrolet,Silverado 2500HD,720035,FALSE,1GC4YREY3PF129063,Summit White,Jet Black,8,4,Automatic,78056,87995,"4WD Crew Cab 159"" High Country",0,0,Diesel Fuel,Four Wheel Drive,Automatic,89995,5370,,FALSE,,NULL
2023,Chevrolet,Traverse,720022C,FALSE,1GNERKKW4PJ188946,Summit White,Jet Black,6,4,Automatic,47571,49995,FWD 4dr Premier,18,27,Gasoline Fuel,Front Wheel Drive,Automatic,51995,10735,"CARFAX One-Owner. Clean CARFAX. Summit White 2023 Chevrolet Traverse Premier FWD 9-Speed Automatic 3.6L V6 SIDI VVT **CARFAX 1 OWNER **, **CLEAN CARFAX**, Factory Certified.Recent Arrival! 18/27 City/Highway MPGIf you have any questions or would like some general information about financing or would like a price quote on a new or used vehicle please call.",FALSE,MPG,NULL
2023,Chevrolet,Silverado 1500,C23247,TRUE,3GCPABEK3PG174930,Summit White,Jet Black,4,4,Automatic,46849,46685,"2WD Crew Cab 147"" Custom",19,22,Gasoline Fuel,Rear Wheel Drive,Automatic,46685,9,,FALSE,MPG,NULL
2023,Chevrolet,Silverado 1500,C23244,TRUE,3GCPABEK9PG174916,Summit White,Jet Black,4,4,Automatic,45284,46220,"2WD Crew Cab 147"" Custom",19,22,Gasoline Fuel,Rear Wheel Drive,Automatic,46220,48,,FALSE,MPG,NULL
2023,Chevrolet,Silverado 1500,C23261,TRUE,3GCPABEK3PG202449,Summit White,Jet Black,4,4,Automatic,54510,56680,"2WD Crew Cab 147"" Custom",19,22,Gasoline Fuel,Rear Wheel Drive,Automatic,56680,5,,FALSE,MPG,NULL
2023,Chevrolet,Silverado 1500,C23169,TRUE,2GCPADED5P1116226,Summit White,Jet Black,4,4,Automatic,56571,58095,"2WD Crew Cab 147"" RST",17,21,Gasoline Fuel,Rear Wheel Drive,Automatic,58095,6,,FALSE,MPG,NULL
2023,Chevrolet,Silverado 1500,C23265,TRUE,3GCPACEDXPG194289,Radiant Red Tintcoat,Jet Black,4,4,Automatic,64197,63630,"2WD Crew Cab 157"" LT",17,21,Gasoline Fuel,Rear Wheel Drive,Automatic,63630,9,,FALSE,MPG,NULL
2023,Chevrolet,Silverado 1500,C23300,TRUE,1GCPABEK8PZ214077,Summit White,Jet Black,4,4,Automatic,45689,46220,"2WD Crew Cab 147"" Custom",19,22,Gasoline Fuel,Rear Wheel Drive,Automatic,46220,2,,FALSE,MPG,NULL
2023,Chevrolet,Silverado 1500,C23274,TRUE,1GCUDEE88PZ203922,Summit White,Jet Black,4,4,Automatic,69435,68755,"4WD Crew Cab 147"" RST",21,23,Diesel Fuel,Four Wheel Drive,Automatic,68755,3,,FALSE,MPG,NULL
2023,Chevrolet,Silverado 1500,C23304,TRUE,1GCUDDE88PZ220388,Sterling Gray Metallic,Jet Black,4,4,Automatic,68253,68420,"4WD Crew Cab 147"" LT w/1LT",21,23,Diesel Fuel,Four Wheel Drive,Automatic,68420,3,,FALSE,MPG,NULL
2020,GMC,Terrain,719870X,FALSE,3GKALPEV2LL268469,Quicksilver Metallic,Jet Black,154,4,Automatic,25971,23196,FWD 4dr SLT,26,30,Gasoline Fuel,Front Wheel Drive,Automatic,27995,64837,"Prior Rental. CARFAX One-Owner. Clean CARFAX. Quicksilver Metallic 2020 GMC Terrain SLT FWD 9-Speed Automatic 1.5L DOHC **CARFAX 1 OWNER **, **CLEAN CARFAX**, Prior Rental, 2 USB Data Ports, 2 USB Data Ports w/SD Card Reader, 6-Speaker Audio System Feature, Automatic temperature control, Bluetooth® For Phone, Exterior Parking Camera Rear, Front dual zone A/C, Preferred Equipment Group 4SA, Radio: GMC Infotainment Audio System w/8 Display, SiriusXM Radio, Telescoping steering wheel, Tilt steering wheel, Wheels: 18 x 7 Machined Aluminum w/Gray Accents.26/30 City/Highway MPGIf you have any questions or would like some general information about financing or would like a price quote on a new or used vehicle please call.",FALSE,MPG,NULL
2023,Chevrolet,Silverado 1500,C23377,TRUE,3GCPACEDXPG245953,Black,Jet Black,4,4,Automatic,53151,55080,"2WD Crew Cab 157"" LT",17,21,Gasoline Fuel,Rear Wheel Drive,Automatic,55080,10,,FALSE,MPG,NULL
2020,Chevrolet,Bolt EV,719892B,FALSE,1G1FX6S05L4104415,Silver Ice Metallic,Dark Galvanized Gray,NULL,4,,24835,24199,5dr Wgn Premier,0,0,Electric Fuel System,Front Wheel Drive,Automatic,28995,47640,"CARFAX One-Owner. Silver Ice Metallic 2020 Chevrolet Bolt EV Premier FWD 1-Speed Automatic Electric Drive Unit 2 USB Charging-Only Ports For Rear Passengers, All-Weather Cargo Mat (LPO), Apple CarPlay/Android Auto, Auto-dimming Rear-View mirror, Automatic temperature control, Bose Premium 7-Speaker Audio System, Front & Rear All-Weather Floor Mats, Infotainment Package, Interior Protection Package (LPO), Preferred Equipment Group 2LZ, Steering wheel mounted audio controls, Telescoping steering wheel, Tilt steering wheel, Wheels: 17 Ultra-Bright Machined Aluminum, Wireless Charging For Devices.Recent Arrival! 127/108 City/Highway MPGIf you have any questions or would like some general information about financing or would like a price quote on a new or used vehicle please call.",FALSE,,NULL
2021,Chevrolet,Equinox,719904X,FALSE,2GNAXKEV2M6104977,Silver Ice Metallic,Jet Black,4,4,Automatic,22826,20450,FWD 4dr LT w/1LT,26,31,Gasoline Fuel,Front Wheel Drive,Automatic,24995,63089,"Prior Rental. CARFAX One-Owner. Clean CARFAX. Silver Ice Metallic 2021 Chevrolet Equinox LT FWD 6-Speed Automatic Electronic with Overdrive 1.5L DOHC Prior Rental, 17 Aluminum Wheels, Apple CarPlay/Android Auto, Preferred Equipment Group 1LT, Steering wheel mounted audio controls, Telescoping steering wheel, Tilt steering wheel.26/31 City/Highway MPGAwards:* 2021 IIHS Top Safety Pick with specific headlightsIf you have any questions or would like some general information about financing or would like a price quote on a new or used vehicle please call.",FALSE,MPG,NULL
2020,Chevrolet,Silverado 1500,719853,FALSE,3GCPWDED9LG125742,Shadow Gray Metallic,Jet Black,4,4,Automatic,45288,43296,"2WD Crew Cab 147"" RST",17,24,Gasoline Fuel,Rear Wheel Drive,Automatic,49995,18952,"CARFAX One-Owner. Clean CARFAX. Shadow Gray Metallic 2020 Chevrolet Silverado 1500 RST RWD 8-Speed Automatic EcoTec3 5.3L V8 10-Way Power Driver Seat w/Lumbar, 12-Volt Rear Auxiliary Power Outlet, 2 USB Ports (First Row), 4.2 Diagonal Color Display Driver Info Center, 4G LTE Wi-Fi Hot Spot Capable, 4-Way Manual Driver Seat Adjuster, 6-Speaker Audio System, All-Star Edition, Bluetooth® For Phone, Body Color Grille, Chevrolet Connected Access Capable, Cloth Rear Seat w/Storage Package, Color-Keyed Carpeting Floor Covering, Compass, Convenience Package, Deep-Tinted Glass, Dual-Zone Automatic Climate Control, Electric Rear-Window Defogger, Electrical Lock Control Steering Column, Front Frame-Mounted Black Recovery Hooks, Front LED Fog Lamps, Front Rubberized Vinyl Floor Mats, Heated Driver & Front Outboard Passenger Seats, Heated Steering Wheel, Heavy-Duty Rear Locking Differential, High Gloss Black Mirror Caps, Hitch Guidance, Keyless Open & Start, Leather Wrapped Steering Wheel, LED Cargo Area Lighting, Manual Tilt/Telescoping Steering Column, Manual Tilt-Wheel Steering Column, OnStar & Chevrolet Connected Services Capable, Power Door Locks, Power Front Windows w/Driver Express Up/Down, Power Front Windows w/Passenger Express Down, Power Rear Windows w/Express Down, Preferred Equipment Group 1SP, Rear 60/40 Folding Bench Seat (Folds Up), Rear Dual USB Charging-Only Ports, Rear Rubberized-Vinyl Floor Mats, Rear Vision Camera, Remote Vehicle Starter System, Single-Zone Manual/Semi-Automatic Air Conditioning, Steering Wheel Audio Controls, Steering Wheel Mounted Electronic Cruise Control, Theft Deterrent System (Unauthorized Entry), Trailering Package, Urethane Steering Wheel.Recent Arrival! Odometer is 20471 miles below market average!If you have any questions or would like some general information about financing or would like a price quote on a new or used vehicle please call.",FALSE,MPG,NULL
2023,Chevrolet,Silverado 1500,C23296,TRUE,1GCPABEK3PZ214049,Summit White,Jet Black,4,4,Automatic,45221,46220,"2WD Crew Cab 147"" Custom",19,22,Gasoline Fuel,Rear Wheel Drive,Automatic,46220,3,,FALSE,MPG,NULL
2023,Chevrolet,Silverado 1500,C23176,TRUE,1GCPABEK7PZ159153,Summit White,Jet Black,4,4,Automatic,48625,46220,"2WD Crew Cab 147"" Custom",19,22,Gasoline Fuel,Rear Wheel Drive,Automatic,46220,5,,FALSE,MPG,NULL
2023,Chevrolet,Silverado 1500,C23293,TRUE,1GCPABEK9PZ213844,Summit White,Jet Black,4,4,Automatic,45221,46220,"2WD Crew Cab 147"" Custom",19,22,Gasoline Fuel,Rear Wheel Drive,Automatic,46220,2,,FALSE,MPG,NULL
2021,Chevrolet,Equinox,719903X,FALSE,3GNAXKEV7MS132842,Silver Ice Metallic,Jet Black,4,4,Automatic,22463,20296,FWD 4dr LT w/1LT,26,31,Gasoline Fuel,Front Wheel Drive,Automatic,27998,66279,"Prior Rental. CARFAX One-Owner. Silver Ice Metallic 2021 Chevrolet Equinox LT FWD 6-Speed Automatic Electronic with Overdrive 1.5L DOHC Prior Rental, 17 Aluminum Wheels, Preferred Equipment Group 1LT, Steering wheel mounted audio controls.26/31 City/Highway MPGAwards:* 2021 IIHS Top Safety Pick with specific headlightsIf you have any questions or would like some general information about financing or would like a price quote on a new or used vehicle please call.",FALSE,MPG,NULL
2021,Chevrolet,Tahoe,719913X,FALSE,1GNSKNKDXMR260625,Summit White,Jet Black,8,4,Automatic,53119,53996,4WD 4dr LT,16,20,Gasoline Fuel,Four Wheel Drive,Automatic,56995,63879,"Prior Rental. CARFAX One-Owner. Clean CARFAX. Summit White 2021 Chevrolet Tahoe LT 4WD 10-Speed Automatic with Overdrive EcoTec3 5.3L V8 Prior Rental, 10-Way Power Driver & Passenger Seat Adjusters, 1st & 2nd Row Color-Keyed Carpeted Floor Mats, 2 USB Data Ports, Auto-Dimming Inside Rear-View Mirror, Automatic temperature control, Bright Front & Rear Door Sill Plates, Color-Keyed Carpeting Floor Covering, Driver & Front Outboard Passenger Airbags, Floor Console w/Storage Area, Hands-Free Rear Power Programmable Liftgate, HD Radio, Infotainment Display, Leather-Wrapped Steering Wheel, LED Daytime Running Lamps, Memory Settings for Driver, Power Liftgate, Preferred Equipment Group 1LT, Remote Start, SiriusXM Radio w/360L, Telescoping steering wheel, Tilt steering wheel, Universal Home Remote, Wheels: 18 x 8.5 Bright Silver Painted Aluminum.Awards:* JD Power Automotive Performance, Execution and Layout (APEAL) Study * ALG Residual ValueIf you have any questions or would like some general information about financing or would like a price quote on a new or used vehicle please call.",FALSE,MPG,NULL
2020,Chevrolet,Impala,719921X,FALSE,1G11Z5S35LU107808,Silver Ice Metallic,Jet Black,6,4,Automatic,24400,22996,4dr Sdn LT w/1LT,19,28,Flex Fuel,Front Wheel Drive,Automatic,25995,60835,Prior Rental. CARFAX One-Owner. Clean CARFAX. Silver Ice Metallic 2020 Chevrolet Impala LT FWD 6-Speed Automatic Electronic with Overdrive 3.6L V6 DI DOHCRecent Arrival! 19/28 City/Highway MPGIf you have any questions or would like some general information about financing or would like a price quote on a new or used vehicle please call.,FALSE,MPG,NULL
2021,Chevrolet,Trailblazer,719931,FALSE,KL79MTSL5MB017565,Summit White,Jet Black with Red accents,3,4,,26175,25901,FWD 4dr RS,29,33,Gasoline Fuel,Front Wheel Drive,Variable,30995,37761,"Clean CARFAX. Summit White 2021 Chevrolet TrailBlazer RS FWD CVT 1.3L Ecotec Turbo DOHC SIDI w/VVT 1 Type-A & 1 Type-C USB Charging-Only Ports, 120-Volt Power Outlet, 8 Diagonal Color Touchscreen Display, Cabin Humidity Sensor, Convenience Package, Driver & Front Passenger Illuminated Vanity Mirrors, Driver Confidence Package, Inside Rear-View Auto-Dimming Mirror, Lane Change Alert w/Side Blind Zone Alert, Preferred Equipment Group 1RS, Rear Cross Traffic Alert, Rear Park Assist, Single-Zone Auto Climate Control Air Conditioning, SiriusXM Radio, Telescoping steering wheel, Tilt steering wheel, Wheels: 18 High Gloss Black Machined Aluminum.Recent Arrival! 29/33 City/Highway MPGAwards:* Ward's 10 Best Engines and Propulsion Systems * 2021 IIHS Top Safety Pick+If you have any questions or would like some general information about financing or would like a price quote on a new or used vehicle please call.",FALSE,MPG,NULL
2023,Chevrolet,Silverado 1500,C23370,TRUE,3GCPACED2PG245347,Black,Jet Black,4,4,Automatic,53151,55080,"2WD Crew Cab 157"" LT",17,21,Gasoline Fuel,Rear Wheel Drive,Automatic,55080,8,,FALSE,MPG,NULL
2023,Chevrolet,Silverado 1500,C23416,TRUE,3GCPACEK2PG252703,Sterling Gray Metallic,Jet Black,4,4,Automatic,49673,51340,"2WD Crew Cab 157"" LT",19,22,Gasoline Fuel,Rear Wheel Drive,Automatic,51340,9,,FALSE,MPG,NULL
2023,Chevrolet,Silverado 1500,C23417,TRUE,3GCPACEK2PG253088,Black,Jet Black,4,4,Automatic,60155,60335,"2WD Crew Cab 157"" LT",19,22,Gasoline Fuel,Rear Wheel Drive,Automatic,60335,8,,FALSE,MPG,NULL
2023,Chevrolet,Silverado 1500,C23420,TRUE,3GCPACEK3PG263452,Black,Jet Black,4,4,Automatic,50496,52235,"2WD Crew Cab 147"" LT",19,22,Gasoline Fuel,Rear Wheel Drive,Automatic,52235,7,,FALSE,MPG,NULL
2023,Chevrolet,Silverado 1500,C23422,TRUE,3GCPACEK5PG252176,Sterling Gray Metallic,Jet Black,4,4,Automatic,49673,51340,"2WD Crew Cab 157"" LT",19,22,Gasoline Fuel,Rear Wheel Drive,Automatic,51340,8,,FALSE,MPG,NULL
2023,Chevrolet,Silverado 1500,C23423,TRUE,3GCPACEK5PG255353,Summit White,Jet Black,4,4,Automatic,49896,51580,"2WD Crew Cab 157"" LT",19,22,Gasoline Fuel,Rear Wheel Drive,Automatic,51580,9,,FALSE,MPG,NULL
2023,Chevrolet,Silverado 1500,C23428,TRUE,3GCPACEK8PG255962,Black,Jet Black,4,4,Automatic,50547,52290,"2WD Crew Cab 147"" LT",19,22,Gasoline Fuel,Rear Wheel Drive,Automatic,52290,9,,FALSE,MPG,NULL
2022,Nissan,Pathfinder,719948,FALSE,5N1DR3DH5NC203489,Gun Metallic,Charcoal,6,4,Automatic,40325,40995,Platinum 2WD,21,26,Gasoline Fuel,Front Wheel Drive,Automatic,44995,31502,"CARFAX One-Owner. Clean CARFAX. Gun Metallic 2022 Nissan Pathfinder Platinum FWD 9-Speed Automatic V6 Automatic temperature control, Cargo Area Protector, Cargo Net, Cargo Package, First Aid Kit, Front dual zone A/C, Navigation system: NissanConnect Navigation, Power Liftgate, Power moonroof, Steering wheel mounted audio controls, Telescoping steering wheel, Tilt steering wheel, Wheels: 20 Alloy w/Unique Finish.Recent Arrival! 21/26 City/Highway MPGIf you have any questions or would like some general information about financing or would like a price quote on a new or used vehicle please call.",FALSE,MPG,NULL
2023,Chevrolet,Tahoe,C23464,TRUE,1GNSKTKL9PR392470,Black,Jet Black,8,4,Automatic,81263,83900,4WD 4dr High Country,14,19,Gasoline Fuel,Four Wheel Drive,Automatic,83900,2,,FALSE,MPG,NULL
2020,Chevrolet,Colorado,719961X,FALSE,1GCGTCEN6L1203792,Red Hot,Jet Black,6,4,Automatic,30387,31996,"4WD Crew Cab 128"" LT",17,24,Gasoline Fuel,Four Wheel Drive,Automatic,33998,59607,"Prior Rental. CARFAX One-Owner. Red Hot 2020 Chevrolet Colorado LT 4WD 8-Speed Automatic V6 Prior Rental, Apple CarPlay, Exterior Parking Camera Rear, Preferred Equipment Group 4LT, Telescoping steering wheel, Tilt steering wheel, Wheels: 17 x 8 Blade Silver Metallic Cast Alloy.Recent Arrival! Odometer is 2033 miles below market average!Awards:* 2020 KBB.com Best Buy AwardsIf you have any questions or would like some general information about financing or would like a price quote on a new or used vehicle please call.",FALSE,MPG,NULL
2023,Chevrolet,Equinox,C23438,TRUE,3GNAXWEG6PL254793,Summit White,Jet Black,4,4,Automatic,36165,37015,AWD 4dr RS,24,30,Gasoline Fuel,All Wheel Drive,Automatic,37015,7,,FALSE,MPG,NULL
2023,Chevrolet,Silverado 1500,C23415,TRUE,3GCPACEK1PG263451,Black,Jet Black,4,4,Automatic,50496,52235,"2WD Crew Cab 147"" LT",19,22,Gasoline Fuel,Rear Wheel Drive,Automatic,52235,8,,FALSE,MPG,NULL
2023,Chevrolet,Silverado 1500,C23507,TRUE,3GCPACED6PG318249,Red Hot,Gideon/Very Dark Atmosphere,4,4,Automatic,52551,54435,"2WD Crew Cab 157"" LT",17,21,Gasoline Fuel,Rear Wheel Drive,Automatic,54435,5,,FALSE,MPG,NULL
2023,Chevrolet,Trailblazer,C23523,TRUE,KL79MPS22PB155860,Sterling Gray Metallic,Jet Black,3,4,,26126,29345,FWD 4dr LT,29,31,Gasoline Fuel,Front Wheel Drive,Variable,29345,4,,FALSE,MPG,NULL
2023,Chevrolet,Trailblazer,C23525,TRUE,KL79MPS29PB155743,Sterling Gray Metallic,Jet Black,3,4,,26126,29345,FWD 4dr LT,29,31,Gasoline Fuel,Front Wheel Drive,Variable,29345,4,,FALSE,MPG,NULL
2023,Chevrolet,Trailblazer,C23515,TRUE,KL79MPSL0PB151105,Crimson Metallic,Jet Black,3,4,,26986,30270,FWD 4dr LT,29,33,Gasoline Fuel,Front Wheel Drive,Variable,30270,4,,FALSE,MPG,NULL
2023,Chevrolet,Silverado 1500,C23436,TRUE,3GCPACEK8PG263477,Black,Jet Black,4,4,Automatic,50496,52235,"2WD Crew Cab 147"" LT",19,22,Gasoline Fuel,Rear Wheel Drive,Automatic,52235,8,,FALSE,MPG,NULL
2023,Chevrolet,Equinox,C23505,TRUE,3GNAXHEG5PL272049,Sterling Gray Metallic,Medium Ash Gray,4,4,Automatic,28990,29570,FWD 4dr LS w/1LS,26,31,Gasoline Fuel,Front Wheel Drive,Automatic,29570,4,,FALSE,MPG,NULL
2023,Chevrolet,Silverado 1500,C23517,TRUE,3GCPACED0PG320935,Radiant Red Tintcoat,Jet Black,4,4,Automatic,53011,54930,"2WD Crew Cab 157"" LT",17,21,Gasoline Fuel,Rear Wheel Drive,Automatic,54930,4,,FALSE,MPG,NULL
2020,Nissan,Maxima,719997,FALSE,1N4AA6BV2LC375751,Pearl White Tricoat,Charcoal,6,4,,26035,27595,S 3.5L,20,30,Gasoline Fuel,Front Wheel Drive,Variable,31995,24745,"Clean CARFAX. Pearl White Tricoat 2020 Nissan Maxima 3.5 S FWD CVT with Xtronic 3.5L V6 DOHC 24V 18 Machined Alloy Wheels, Automatic temperature control, Front dual zone A/C, Rear Parking Sensors, Steering wheel mounted audio controls, Telescoping steering wheel, Tilt steering wheel.Recent Arrival! 20/30 City/Highway MPGAwards:* JD Power Automotive Performance, Execution and Layout (APEAL) Study, Initial Quality Study (IQS)If you have any questions or would like some general information about financing or would like a price quote on a new or used vehicle please call.",FALSE,MPG,NULL
2023,Chevrolet,Equinox,C23510,TRUE,3GNAXHEG1PL272016,Sterling Gray Metallic,Medium Ash Gray,4,4,Automatic,28990,29570,FWD 4dr LS w/1LS,26,31,Gasoline Fuel,Front Wheel Drive,Automatic,29570,3,,FALSE,MPG,NULL
2020,Chevrolet,Traverse,720002C,FALSE,1GNERGKW2LJ153362,Cajun Red Tintcoat,Jet Black,6,4,Automatic,29144,32995,FWD 4dr LT Cloth w/1LT,18,27,Gasoline Fuel,Front Wheel Drive,Automatic,34995,30676,"CARFAX One-Owner. Clean CARFAX. Cajun Red Tintcoat 2020 Chevrolet Traverse LT 1LT FWD 9-Speed Automatic 3.6L V6 SIDI VVT Factory Certified, 1st & 2nd Row All-Weather Floor Liner (LPO), 3rd Row All-Weather Floor Liner (LPO), Automatic temperature control, Floor Liner Package (LPO), Front dual zone A/C, Integrated Cargo Liner (LPO), Preferred Equipment Group 1LT, Steering wheel mounted audio controls, Telescoping steering wheel, Tilt steering wheel, Wheels: 18 Bright Silver Painted Aluminum.Recent Arrival! Odometer is 12673 miles below market average! 18/27 City/Highway MPGIf you have any questions or would like some general information about financing or would like a price quote on a new or used vehicle please call.",FALSE,MPG,NULL
2023,Chevrolet,Traverse,C23493,TRUE,1GNERGKW0PJ270704,Summit White,Jet Black,6,4,Automatic,39243,40100,FWD 4dr LT Cloth w/1LT,18,27,Gasoline Fuel,Front Wheel Drive,Automatic,40100,4,,FALSE,MPG,NULL
2023,Chevrolet,Traverse,C23486,TRUE,1GNERGKW6PJ269721,Sterling Gray Metallic,Jet Black,6,4,Automatic,39024,39865,FWD 4dr LT Cloth w/1LT,18,27,Gasoline Fuel,Front Wheel Drive,Automatic,39865,4,,FALSE,MPG,NULL
2020,Chevrolet,Malibu,719967X,FALSE,1G1ZD5ST9LF124892,Silver Ice Metallic,Jet Black,4,4,Automatic,20361,19995,4dr Sdn LT,29,36,Gasoline Fuel,Front Wheel Drive,Automatic,22995,61594,"Prior Rental. CARFAX One-Owner. Clean CARFAX. Silver Ice Metallic 2020 Chevrolet Malibu LT FWD CVT 1.5L DOHC **CARFAX 1 OWNER **, **NAVIGATION / GPS / NAVI **, **CLEAN CARFAX**, Prior Rental, Jet Black Cloth.29/36 City/Highway MPGAwards:* JD Power Initial Quality StudyIf you have any questions or would like some general information about financing or would like a price quote on a new or used vehicle please call.",FALSE,MPG,NULL
2023,Chevrolet,Silverado 1500,C23540,TRUE,3GCPACED7PG327199,Summit White,Jet Black,4,4,Automatic,65735,67670,"2WD Crew Cab 157"" LT",17,21,Gasoline Fuel,Rear Wheel Drive,Automatic,67670,2,,FALSE,MPG,NULL
2023,Chevrolet,Silverado 1500,C23538,TRUE,3GCPACED0PG327013,Summit White,Jet Black,4,4,Automatic,52774,54675,"2WD Crew Cab 157"" LT",17,21,Gasoline Fuel,Rear Wheel Drive,Automatic,54675,2,,FALSE,MPG,NULL
2019,Chevrolet,Silverado 1500,719958,FALSE,1GCUYHEL5KZ408570,Black,Jet Black,8,4,Automatic,51598,53598,"4WD Crew Cab 147"" High Country",16,20,Gasoline Fuel,Four Wheel Drive,Automatic,58995,37125,"CARFAX One-Owner. Clean CARFAX. Black 2019 Chevrolet Silverado 1500 High Country 4WD 10-Speed Automatic EcoTec3 6.2L V8 10-Way Power Driver Seat w/Lumbar, 10-Way Power Passenger Seat Adjuster w/Lumbar, 120-Volt Bed Mounted Power Outlet, 120-Volt Instrument Panel Power Outlet, 12-Volt Rear Auxiliary Power Outlet, 170 Amp Alternator, 2nd Row Heated Outboard Seats, 8 Driver Information Center, Advanced Trailering System, All-Weather Floor Liner (LPO), Auto-Dimming Inside Rear-View Mirror, Auxiliary External Transmission Oil Cooler, Bluetooth® For Phone, Chevrolet Connected Access, Chevrolet w/4G LTE, Chevytec Spray-On Black Bedliner, Chrome Assist Steps, Chrome Grille, Chrome Recovery Hooks, Color-Keyed Carpeting Floor Covering, Compass, Deep-Tinted Glass, Driver Memory, Dual Exhaust w/Polished Outlets, Electric Rear-Window Defogger, Electrical Lock Control Steering Column, Electronic Cruise Control, Floor Mounted Console, Following Distance Indicator, Forward Collision Alert, Front Carpeted Floor Mats, Front LED Fog Lamps, Front Pedestrian Braking, HD Radio, HD Rear Vision Camera, Heated Driver & Front Passenger Seats, Heated Steering Wheel, Heavy-Duty Rear Locking Differential, High Country Deluxe, Hitch Guidance, Hitch Guidance w/Hitch View, Integrated Trailer Brake Controller, IntelliBeam Automatic High Beam On/Off, Keyless Open & Start, Lane Change Alert w/Side Blind Zone Alert, Lane Keep Assist w/Lane Departure Warning, Leather Wrapped Steering Wheel, LED Cargo Area Lighting, Low Speed Forward Automatic Braking, Manual Tilt/Telescoping Steering Column, Navigation System, OnStar & Chevrolet Connected Services Capable, Outside Heated Power-Adjustable Mirrors, Painted Mirror Caps, Power Door Locks, Power Front Passenger Windows w/Express Up/Down, Power Front Windows w/Driver Express Up/Down, Power Rear Windows w/Express Down, Power Sliding Rear Window w/Rear Defogger, Power Sunroof, Preferred Equipment Group 3LZ, Rear Carpeted Floor Mats, Rear Cross Traffic Alert, Rear Dual USB Charging-Only Por",FALSE,MPG,NULL
2017,Honda,Civic Hatchback,719983,FALSE,SHHFK7H54HU416965,Black,,4,4,,19507,20995,EX CVT,31,40,Gasoline Fuel,Front Wheel Drive,Variable,23995,66599,"CARFAX One-Owner. Crystal Black Pearl 2017 Honda Civic EX FWD CVT 1.5L I4 DOHC 16V Black w/Cloth Seat Trim, 17 Alloy Wheels, Apple CarPlay/Android Auto, Automatic temperature control, Exterior Parking Camera Rear, Front dual zone A/C, Steering wheel mounted audio controls, Telescoping steering wheel, Tilt steering wheel.Odometer is 9048 miles below market average! 31/40 City/Highway MPGAwards:* 2017 KBB.com 10 Most Awarded Brands * 2017 KBB.com Brand Image AwardsKelley Blue Book Brand Image Awards are based on the Brand Watch(tm) study from Kelley Blue Book Market Intelligence. Award calculated among non-luxury shoppers. For more information, visit www.kbb.com. Kelley Blue Book is a registered trademark of Kelley Blue Book Co., Inc.If you have any questions or would like some general information about financing or would like a price quote on a new or used vehicle please call.",FALSE,MPG,NULL
2023,Chevrolet,Silverado 1500,C23539,TRUE,3GCPACED7PG327008,Summit White,Jet Black,4,4,Automatic,52774,54675,"2WD Crew Cab 157"" LT",17,21,Gasoline Fuel,Rear Wheel Drive,Automatic,54675,2,,FALSE,MPG,NULL
2023,Chevrolet,Silverado 1500,C23541,TRUE,3GCPACED8PG306393,Red Hot,Gideon/Very Dark Atmosphere,4,4,Automatic,52551,54435,"2WD Crew Cab 157"" LT",17,21,Gasoline Fuel,Rear Wheel Drive,Automatic,54435,6,,FALSE,MPG,NULL
2023,Chevrolet,Silverado 1500,C23542,TRUE,3GCPACED8PG327020,Summit White,Jet Black,4,4,Automatic,52774,54675,"2WD Crew Cab 157"" LT",17,21,Gasoline Fuel,Rear Wheel Drive,Automatic,54675,2,,FALSE,MPG,NULL
2023,Chevrolet,Silverado 1500,C23537,TRUE,3GCPACEDXPG327200,Summit White,Jet Black,4,4,Automatic,52774,54675,"2WD Crew Cab 157"" LT",17,21,Gasoline Fuel,Rear Wheel Drive,Automatic,54675,2,,FALSE,MPG,NULL
2023,Chevrolet,Equinox,C23470,TRUE,3GNAXHEG1PL259752,Summit White,Medium Ash Gray,4,4,Automatic,28321,28850,FWD 4dr LS w/1LS,26,31,Gasoline Fuel,Front Wheel Drive,Automatic,28850,7,,FALSE,MPG,NULL
2023,Chevrolet,Equinox,C23471,TRUE,3GNAXHEG4PL267490,Summit White,Medium Ash Gray,4,4,Automatic,28321,28850,FWD 4dr LS w/1LS,26,31,Gasoline Fuel,Front Wheel Drive,Automatic,28850,8,,FALSE,MPG,NULL
2023,Chevrolet,Equinox,C23472,TRUE,3GNAXHEG6PL259763,Summit White,Medium Ash Gray,4,4,Automatic,28321,28850,FWD 4dr LS w/1LS,26,31,Gasoline Fuel,Front Wheel Drive,Automatic,28850,7,,FALSE,MPG,NULL
2023,Chevrolet,Equinox,C23473,TRUE,3GNAXHEG7PL266947,Sterling Gray Metallic,Medium Ash Gray,4,4,Automatic,28683,29240,FWD 4dr LS w/1LS,26,31,Gasoline Fuel,Front Wheel Drive,Automatic,29240,8,,FALSE,MPG,NULL
2023,Chevrolet,Equinox,C23474,TRUE,3GNAXHEG8PL259764,Summit White,Medium Ash Gray,4,4,Automatic,28321,28850,FWD 4dr LS w/1LS,26,31,Gasoline Fuel,Front Wheel Drive,Automatic,28850,8,,FALSE,MPG,NULL
2023,Chevrolet,Equinox,C23475,TRUE,3GNAXHEG8PL267475,Summit White,Medium Ash Gray,4,4,Automatic,28321,28850,FWD 4dr LS w/1LS,26,31,Gasoline Fuel,Front Wheel Drive,Automatic,28850,8,,FALSE,MPG,NULL
2023,Chevrolet,Blazer,C23476,TRUE,3GNKBDR42PS216345,Black,Jet Black,4,4,Automatic,40352,41200,FWD 4dr LT w/3LT,22,29,Gasoline Fuel,Front Wheel Drive,Automatic,41200,8,,FALSE,MPG,NULL
2022,Hyundai,Santa Fe,720008,FALSE,5NMS24AJ4NH398029,Calypso Red,Beige,4,4,Automatic,26719,28995,SEL FWD,25,28,Gasoline Fuel,Front Wheel Drive,Automatic,30995,13635,CARFAX One-Owner. Clean CARFAX. Calypso Red 2022 Hyundai Santa Fe SEL FWD 8-Speed Automatic with SHIFTRONIC 2.5L I4 Beige Leather.Recent Arrival! Odometer is 2920 miles below market average! 25/28 City/Highway MPGIf you have any questions or would like some general information about financing or would like a price quote on a new or used vehicle please call.,FALSE,MPG,NULL
2024,Chevrolet,Trax,C24042,TRUE,KL77LKE27RC006530,Mosaic Black Metallic,Jet Black with Artemis accents,3,4,Automatic,25439,27645,FWD 4dr ACTIV,28,32,Gasoline Fuel,Front Wheel Drive,Automatic,27645,5,,FALSE,MPG,NULL
2018,Chevrolet,Volt,719976V,FALSE,1G1RC6S57JU128782,Summit White,Jet Black/Jet Black,4,4,Automatic,20715,20995,5dr HB LT,43,42,Hybrid Fuel,Front Wheel Drive,Automatic,22995,97169,"Clean CARFAX. Summit White 2018 Chevrolet Volt LT FWD 1-Speed Automatic 1.5L VVT DI DOHC 4-Cylinder Range Extender 6-Speaker Audio System Feature, Automatic temperature control, Exterior Parking Camera Rear, Preferred Equipment Group 2LT, Premium audio system: Chevrolet MyLink, Radio: Chevrolet MyLink AM/FM Stereo, SiriusXM Satellite Radio, Steering wheel mounted audio controls, Telescoping steering wheel, Tilt steering wheel, Wheels: 17 x 7 5-Spoke Painted Aluminum.Awards:* 2018 IIHS Top Safety Pick with optional front crash prevention * 2018 KBB.com 10 Most Awarded BrandsIf you have any questions or would like some general information about financing or would like a price quote on a new or used vehicle please call.",FALSE,MPG,NULL
2020,Tesla,Model 3,719999,FALSE,5YJ3E1EA9LF597385,White,,NULL,4,Automatic,27705,29995,Standard Range Plus RWD,0,0,Electric Fuel System,Rear Wheel Drive,Automatic,32995,60087,"Clean CARFAX. Pearl White Multi-Coat 2020 Tesla Model 3 Standard Range Plus RWD 1-Speed Automatic Electric ZEV 271hp Automatic temperature control, Exterior Parking Camera Rear, Front dual zone A/C, Navigation System, Radio: Upgraded Audio System, Steering wheel mounted A/C controls, Steering wheel mounted audio controls, Telescoping steering wheel, Tilt steering wheel, Wheels: 18 x 8.5 Aero.Recent Arrival! 148/132 City/Highway MPGIf you have any questions or would like some general information about financing or would like a price quote on a new or used vehicle please call.",FALSE,,NULL
2023,Chevrolet,Silverado 1500,C23485,TRUE,1GCRABEK9PZ291663,Summit White,Jet Black,4,4,Automatic,44541,45590,"2WD Double Cab 147"" Custom",19,22,Gasoline Fuel,Rear Wheel Drive,Automatic,45590,2,,FALSE,MPG,NULL
2019,Chevrolet,Traverse,720009C,FALSE,1GNERGKW7KJ175372,Summit White,Jet Black,6,4,Automatic,26788,29995,FWD 4dr LT Cloth w/1LT,18,27,Gasoline Fuel,Front Wheel Drive,Automatic,31995,48769,"Clean CARFAX. Summit White 2019 Chevrolet Traverse LT Cloth w/1LT FWD 9-Speed Automatic 3.6L V6 SIDI VVT **CARFAX 1 OWNER **, ** NEW BRAKES & TIRES**, **CLEAN CARFAX**.Recent Arrival! Odometer is 12683 miles below market average! 18/27 City/Highway MPGAwards:* 2019 KBB.com 12 Best Family CarsIf you have any questions or would like some general information about financing or would like a price quote on a new or used vehicle please call.",FALSE,MPG,NULL
2016,Kia,Sorento,719968,FALSE,5XYPG4A33GG094227,Sparkling Silver,Satin Black,4,4,Automatic,16858,16995,FWD 4dr 2.4L LX,21,29,Gasoline Fuel,Front Wheel Drive,Automatic,18995,69292,"Sparkling Silver 2016 Kia Sorento LX FWD 6-Speed Automatic with Sportmatic 2.4L DOHCOdometer is 23474 miles below market average! 21/29 City/Highway MPGAwards:* 2016 KBB.com 10 Best Used Midsize SUVs Under $15,000 * 2016 KBB.com 10 Best Certified Pre-Owned 3-Row SUVs Under $30,000 * 2016 KBB.com 10 Best SUVs Under $25,000If you have any questions or would like some general information about financing or would like a price quote on a new or used vehicle please call.",FALSE,MPG,NULL
2021,Toyota,Tundra 2WD,720003,FALSE,5TFRY5F16MX272966,White,,8,4,Automatic,37454,40995,SR5 Double Cab 6.5' Bed 5.7L (Natl),13,17,Gasoline Fuel,Rear Wheel Drive,Automatic,42995,33331,"CARFAX One-Owner. Clean CARFAX. Super White 2021 Toyota Tundra SR5 RWD 6-Speed Automatic Electronic with Overdrive i-Force 5.7L V8 DOHC 32V LEV **CARFAX 1 OWNER **, **CLEAN CARFAX**, Air Conditioning, Apple CarPlay/Android Auto, Exterior Parking Camera Rear, Steering wheel mounted audio controls, Tilt steering wheel.Recent Arrival!If you have any questions or would like some general information about financing or would like a price quote on a new or used vehicle please call.",FALSE,MPG,NULL
2023,Chevrolet,Silverado 1500,C23544,TRUE,3GCPACED4PG320937,Radiant Red Tintcoat,Jet Black,4,4,Automatic,53011,54930,"2WD Crew Cab 157"" LT",17,21,Gasoline Fuel,Rear Wheel Drive,Automatic,54930,5,,FALSE,MPG,NULL
2023,Chevrolet,Silverado 1500,C23526,TRUE,1GCUDJE87PZ306256,Radiant Red Tintcoat,Jet Black,8,4,Automatic,67455,69930,"4WD Crew Cab 147"" High Country",21,23,Diesel Fuel,Four Wheel Drive,Automatic,69930,4,,FALSE,MPG,NULL
2023,Chevrolet,Traverse,C23480,TRUE,1GNERFKW0PJ266386,Summit White,Jet Black/Chai,6,4,Automatic,35495,36190,FWD 4dr LS w/1LS,18,27,Gasoline Fuel,Front Wheel Drive,Automatic,36190,8,,FALSE,MPG,NULL
2023,Chevrolet,Traverse,C23481,TRUE,1GNERFKW8PJ266412,Summit White,Jet Black/Chai,6,4,Automatic,35495,36190,FWD 4dr LS w/1LS,18,27,Gasoline Fuel,Front Wheel Drive,Automatic,36190,9,,FALSE,MPG,NULL
2023,Chevrolet,Traverse,C23531,TRUE,1GNERKKW5PJ279353,Summit White,Jet Black,6,4,Automatic,49203,50330,FWD 4dr Premier,18,27,Gasoline Fuel,Front Wheel Drive,Automatic,50330,3,,FALSE,MPG,NULL
2023,Chevrolet,Traverse,C23535,TRUE,1GNERKKW6PJ279426,Summit White,Jet Black,6,4,Automatic,49203,50330,FWD 4dr Premier,18,27,Gasoline Fuel,Front Wheel Drive,Automatic,50330,4,,FALSE,MPG,NULL
2021,Honda,CR-V,720019,FALSE,7FARW1H58ME021699,Cement,,4,4,,28226,29995,EX 2WD,28,34,Gasoline Fuel,Front Wheel Drive,Variable,31995,17721,"CARFAX One-Owner. Clean CARFAX. Sonic Gray Pearl 2021 Honda CR-V EX FWD CVT 1.5L I4 DOHC 16V **CARFAX 1 OWNER **, **CLEAN CARFAX**, 18 Alloy Wheels, Adaptive Cruise Control: Adaptive Cruise Control (ACC) with Low-Speed Follow, Apple CarPlay/Android Auto, Automatic temperature control, Exterior Parking Camera Rear, Forward collision: Collision Mitigation Braking System (CMBS) + FCW mitigation, Front dual zone A/C, Power moonroof, Steering wheel mounted audio controls, Telescoping steering wheel, Tilt steering wheel.Recent Arrival! Odometer is 11816 miles below market average! 28/34 City/Highway MPGIf you have any questions or would like some general information about financing or would like a price quote on a new or used vehicle please call.",FALSE,MPG,NULL
2023,Chevrolet,Bolt EV,C23564,TRUE,1G1FX6S00P4163894,Summit White,Jet Black,NULL,4,,32577,37355,5dr Wgn 2LT,0,0,Electric Fuel System,Front Wheel Drive,Automatic,37355,3,,FALSE,,NULL
2023,Chevrolet,Silverado 1500,C23292,TRUE,1GCPABEK7PZ213812,Summit White,Jet Black,4,4,Automatic,45221,46220,"2WD Crew Cab 147"" Custom",19,22,Gasoline Fuel,Rear Wheel Drive,Automatic,46220,5,,FALSE,MPG,NULL
2023,Chevrolet,Traverse,C23534,TRUE,1GNERKKW7PJ279502,Summit White,Jet Black,6,4,Automatic,49203,50330,FWD 4dr Premier,18,27,Gasoline Fuel,Front Wheel Drive,Automatic,50330,4,,FALSE,MPG,NULL
2023,Chevrolet,Trailblazer,C23557,TRUE,KL79MMS28PB161936,Summit White,Jet Black,3,4,,23403,26545,FWD 4dr LS,29,31,Gasoline Fuel,Front Wheel Drive,Variable,26545,4,,FALSE,MPG,NULL
2023,Chevrolet,Trailblazer,C23559,TRUE,KL79MTSLXPB158720,Sterling Gray Metallic,Jet Black with Red accents,3,4,,27967,31215,FWD 4dr RS,29,33,Gasoline Fuel,Front Wheel Drive,Variable,31215,4,,FALSE,MPG,NULL
2023,Chevrolet,Silverado 1500,C23204,TRUE,1GCPACED5PZ171406,Radiant Red Tintcoat,Jet Black,4,4,Automatic,52449,54335,"2WD Crew Cab 147"" LT",17,21,Gasoline Fuel,Rear Wheel Drive,Automatic,54335,3,,FALSE,MPG,NULL
2023,Chevrolet,Equinox,C23498,TRUE,3GNAXHEG2PL272042,Sterling Gray Metallic,Medium Ash Gray,4,4,Automatic,28990,29570,FWD 4dr LS w/1LS,26,31,Gasoline Fuel,Front Wheel Drive,Automatic,29570,10,,FALSE,MPG,NULL
2023,Chevrolet,Blazer,C23502,TRUE,3GNKBFR47PS221164,Sterling Gray Metallic,Jet Black,4,4,Automatic,47829,49060,FWD 4dr Premier,22,29,Gasoline Fuel,Front Wheel Drive,Automatic,49060,9,,FALSE,MPG,NULL
2019,GMC,Acadia,720020,FALSE,1GKKNMLS4KZ278529,Ebony Twilight Metallic,Jet Black,4,4,Automatic,27648,27995,FWD 4dr SLT w/SLT-1,18,25,Gasoline Fuel,Front Wheel Drive,Automatic,29995,40319,"Clean CARFAX. Ebony Twilight Metallic 2019 GMC Acadia SLT-1 FWD 6-Speed Automatic 3.6L V6 SIDI 1st & 2nd Row All Weather Floor Mats (LPO), 3rd Row All Weather Floor Mats (LPO), All Weather Cargo Mat (LPO), Automatic temperature control, Black Center Caps w/Black GMC Logo (LPO), Black Edition, Black Roof Rails, Bose Premium 8-Speaker System, Dual SkyScape 2-Panel Power Sunroof, Exterior Parking Camera Rear, Front dual zone A/C, Heavy-Duty Cooling System, Interior Protection Package (LPO), Power Liftgate, Preferred Equipment Group 4SA, Premium audio system: GMC Infotainment System, Telescoping steering wheel, Tilt steering wheel, Trailering Package, Wheels: 20 x 8.0 Aluminum w/Black Accents (4).Recent Arrival! Odometer is 17359 miles below market average!If you have any questions or would like some general information about financing or would like a price quote on a new or used vehicle please call.",FALSE,MPG,NULL
2023,Chevrolet,Trailblazer,C23561,TRUE,KL79MMS24PB160363,Mosaic Black Metallic,Jet Black,3,4,,23403,23545,FWD 4dr LS,29,31,Gasoline Fuel,Front Wheel Drive,Variable,23545,5,,FALSE,MPG,NULL
2024,Chevrolet,Trax,C24054,TRUE,KL77LHE21RC040708,Mosaic Black Metallic,Jet Black with Blue accents,3,4,Automatic,23814,25990,FWD 4dr LT,28,32,Gasoline Fuel,Front Wheel Drive,Automatic,25990,6,,FALSE,MPG,NULL
2024,Chevrolet,Trax,C24053,TRUE,KL77LHE2XRC040738,Mosaic Black Metallic,Jet Black with Blue accents,3,4,Automatic,23814,25990,FWD 4dr LT,28,32,Gasoline Fuel,Front Wheel Drive,Automatic,25990,6,,FALSE,MPG,NULL
2024,Chevrolet,Trax,C24057,TRUE,KL77LHE29RC040696,Mosaic Black Metallic,Jet Black with Blue accents,3,4,Automatic,23814,25990,FWD 4dr LT,28,32,Gasoline Fuel,Front Wheel Drive,Automatic,25990,5,,FALSE,MPG,NULL
2023,Chevrolet,Silverado 1500,C23491,TRUE,2GCPACED7P1147021,Black,Jet Black,4,4,Automatic,53425,55385,"2WD Crew Cab 147"" LT",17,21,Gasoline Fuel,Rear Wheel Drive,Automatic,55385,4,,FALSE,MPG,NULL
2024,Chevrolet,Trax,C24055,TRUE,KL77LHE21RC040711,Mosaic Black Metallic,Jet Black with Blue accents,3,4,Automatic,23814,25990,FWD 4dr LT,28,32,Gasoline Fuel,Front Wheel Drive,Automatic,25990,5,,FALSE,MPG,NULL
2020,Honda,Civic Sedan,720004,FALSE,2HGFC2F62LH557177,Red,,4,4,,22031,21995,LX CVT,30,38,Gasoline Fuel,Front Wheel Drive,Variable,23995,58981,"Clean CARFAX. Rallye Red 2020 Honda Civic LX FWD CVT 2.0L I4 DOHC 16V i-VTEC Adaptive Cruise Control: Adaptive Cruise Control (ACC) with Low-Speed Follow, Automatic temperature control, Exterior Parking Camera Rear, Forward collision: Collision Mitigation Braking System (CMBS) + FCW mitigation, Lane departure: Lane Keeping Assist System (LKAS) active, Steering wheel mounted audio controls, Telescoping steering wheel, Tilt steering wheel.30/38 City/Highway MPGIf you have any questions or would like some general information about financing or would like a price quote on a new or used vehicle please call.",FALSE,MPG,NULL
2022,Honda,Civic Sedan,719995,FALSE,2HGFE2F5XNH546111,Black,,4,4,,25508,26995,Sport CVT,30,37,Gasoline Fuel,Front Wheel Drive,Variable,29995,34864,"CARFAX One-Owner. Clean CARFAX. Crystal Black Pearl 2022 Honda Civic Sport FWD CVT 2.0L I4 DOHC 16V i-VTEC Adaptive Cruise Control: Adaptive Cruise Control (ACC) with Low-Speed Follow, Automatic temperature control, Exterior Parking Camera Rear, Forward collision: Collision Mitigation Braking System (CMBS) + FCW mitigation, Steering wheel mounted audio controls, Telescoping steering wheel, Tilt steering wheel, Wheels: 18 Gloss Black Alloy.30/37 City/Highway MPGAwards:* NACTOY 2022 North American Car of the YearIf you have any questions or would like some general information about financing or would like a price quote on a new or used vehicle please call.",FALSE,MPG,NULL
2023,Volkswagen,Atlas Cross Sport,720025,FALSE,1V2SE2CA8PC209603,White,,6,4,Automatic,45237,49995,3.6L V6 SEL R-Line Black 4MOTION,18,24,Gasoline Fuel,All Wheel Drive,Automatic,51995,3131,"CARFAX One-Owner. Clean CARFAX. White 2023 Volkswagen Atlas Cross Sport 3.6L V6 SEL R-Line AWD 8-Speed Automatic with Tiptronic 3.6L VR6 **CARFAX 1 OWNER **, **CLEAN CARFAX**.Recent Arrival!If you have any questions or would like some general information about financing or would like a price quote on a new or used vehicle please call.",FALSE,MPG,NULL
2023,Chevrolet,Silverado 1500,C23174,TRUE,1GCPABEK9PZ157212,Summit White,Jet Black,4,4,Automatic,45221,46220,"2WD Crew Cab 147"" Custom",19,22,Gasoline Fuel,Rear Wheel Drive,Automatic,46220,3,,FALSE,MPG,NULL
2023,Chevrolet,Silverado 1500,C23527,TRUE,2GCUDEED7P1149857,Sterling Gray Metallic,Jet Black,4,4,Automatic,59380,61645,"4WD Crew Cab 147"" RST",15,20,Gasoline Fuel,Four Wheel Drive,Automatic,61645,7,,FALSE,MPG,NULL
2024,Chevrolet,Trax,C24060,TRUE,KL77LHE29RC040746,Mosaic Black Metallic,Jet Black with Blue accents,3,4,Automatic,23592,25990,FWD 4dr LT,28,32,Gasoline Fuel,Front Wheel Drive,Automatic,25990,5,,FALSE,MPG,NULL
2023,Chevrolet,Colorado,C23566,TRUE,1GCPTEEK8P1196044,Black,Jet Black,4,4,Automatic,43453,50095,4WD Crew Cab Trail Boss,17,21,Gasoline Fuel,Four Wheel Drive,Automatic,50095,115,,FALSE,MPG,NULL
2020,Chevrolet,Camaro,720017X,FALSE,1G1FH3D79L0136345,Black,Jet Black,8,2,Manual,32499,0,2dr Conv 2SS,16,27,Gasoline Fuel,Rear Wheel Drive,Automatic,0,62019,,FALSE,MPG,NULL
2020,Chevrolet,Traverse,719332,FALSE,1GNERFKW0LJ104915,,,6,4,Automatic,0,0,FWD 4dr LS w/1LS,18,27,Gasoline Fuel,Front Wheel Drive,9-Speed A/T,0,0,,FALSE,,NULL
